Handle,Title,Body (HTML),Vendor,Type,Tags,Published,Option1 Name,Option1 Value,Option2 Name,Option2 Value,Option3 Name,Option3 Value,Variant SKU,Variant Grams,Variant Inventory Tracker,Variant Inventory Qty,Variant Inventory Policy,Variant Fulfillment Service,Variant Price,Variant Compare At Price,Variant Requires Shipping,Variant Taxable,Variant Barcode,Image Src,Image Alt Text,Gift Card,SEO Title,SEO Description,Google Shopping / Google Product Category,Google Shopping / Gender,Google Shopping / Age Group,Google Shopping / MPN,Google Shopping / AdWords Grouping,Google Shopping / AdWords Labels,Google Shopping / Condition,Google Shopping / Custom Product,Google Shopping / Custom Label 0,Google Shopping / Custom Label 1,Google Shopping / Custom Label 2,Google Shopping / Custom Label 3,Google Shopping / Custom Label 4,Variant Image,Variant Weight Unit,Variant Tax Code
gift-card,Carte cadeau,"<p>Vous cherchez à faire un cadeau original, sans décider des dates de livraison ou du type de plantes? </p>
<p>Les cartes cadeaux sont envoyées par email directement. </p>",ParisPousse,Gift Card,"",true,Title,50,,,,,"",0,,1,continue,gift_card,10.00,,false,false,,https://cdn.shopify.com/s/files/1/1063/7402/products/photo-1448832945950-bc85f82891bd.jpg?v=1479156276,,true,,,,,,,,,,,,,,,,,kg,
gift-card,,,,,,,,100,,,,,"",0,,1,continue,gift_card,25.00,,false,false,,,,,,,,,,,,,,,,,,,,,kg,
gift-card,,,,,,,,150,,,,,"",0,,1,continue,gift_card,50.00,,false,false,,,,,,,,,,,,,,,,,,,,,kg,
sapin-nordmann,Sapin - Nordmann,"<div style=""text-align: center;"">Un bout de forêt dans votre salon.</div>
<div style=""text-align: center;"">Cet objet incontournable apportera une atmosphère magique à votre intérieur !</div>
<div style=""text-align: center;"">Nos sapins Nordmann de 1er choix sont réputés pour leurs belles proportions et leur capacité à garder longuement leurs épines.</div>
<div style=""text-align: center;"">Ils sont fournis avec une véritable buche en guise de support.</div>
<p> </p>
<p> </p>",ParisPousse,"","",true,Taille,170 cm,,,,,"",0,,1,deny,manual,69.00,,true,true,"",https://cdn.shopify.com/s/files/1/1063/7402/products/shutterstock_114807562.jpg?v=1478886796,,false,,,,,,,,,,,,,,,,,kg,
sapin-nordmann,,,,,,,,190 cm,,,,,"",0,,1,deny,manual,79.00,,true,true,"",,,,,,,,,,,,,,,,,,,,kg,
sapin-nordmann,,,,,,,,240 cm,,,,,"",0,,1,deny,manual,119.00,,true,true,"",,,,,,,,,,,,,,,,,,,,kg,
sapin-nordmann,,,,,,,,290 cm,,,,,"",0,,1,deny,manual,189.00,,true,true,"",,,,,,,,,,,,,,,,,,,,kg,
pot-horticole-terre-naturelle,Pot horticole Terre Naturelle,"<h4 style=""text-align: center;""><span>Comment choisir la bonne taille de pot ?</span></h4>
<div><img style=""display: block; margin-left: auto; margin-right: auto;"" src=""https://cdn.shopify.com/s/files/1/1063/7402/files/Choisir_la_bonne_taille_de_poiot_6072726f-dfdb-425a-96f5-7e55aa461009_large.png?12913818830572859085"" alt=""""></div>
<h4 style=""text-align: center;""><span>La livraison est gratuite</span></h4>
<p style=""text-align: center;"">Nous vous contacterons par mail 4 jours avant la livraison afin de vous préciser l'heure de passage.</p>
<h4 style=""text-align: center;""><span>Terre naturelle</span></h4>
<p style=""text-align: center;"">La plupart de nos poteries viennent de Sinalunga, cette petite localité à l'est de Sienne est connue depuis la Renaissance pour son travail de la terra cotta. Le potier Maurizio Benocci, qui dirige l'entreprise familiale, fabrique les modèles traditionnels de l'artisanat toscan. Toutes nos poteries italiennes sont non-gélives et importées directement de Toscane. Les pots sont percés et livrés avec une soucoupe.</p>",ParisPousse,Pot,pot,true,Taille,S - Ø 30 cm - hauteur 28 cm,,,,,"",0,,-3,deny,manual,39.00,,true,true,"",https://cdn.shopify.com/s/files/1/1063/7402/products/My_little_Paris_Pousse.jpg?v=1461092617,,false,Livraison à domicile d'un pot horticole en terre cuite,"Plantes et pots design originaux et de qualité à des prix accessibles, directement chez vous.",,,,,,,,,,,,,,,kg,
pot-horticole-terre-naturelle,,,,,,,,M- Ø 39 cm - hauteur 36 cm,,,,,"",0,,-2,deny,manual,59.00,,true,true,"",https://cdn.shopify.com/s/files/1/1063/7402/products/My_Little_Paris_Pousse_2.jpg?v=1461092671,,,,,,,,,,,,,,,,,,,kg,
pot-horticole-terre-naturelle,,,,,,,,L - Ø 48 cm - hauteur 45 cm,,,,,"",0,,1,deny,manual,69.00,,true,true,"",,,,,,,,,,,,,,,,,,,,kg,
fibertsone-lotus,Lotus Fiberstone Noir,"<div style=""text-align: center;"">
<meta charset=""utf-8"">
<h4><span>Comment choisir la bonne taille de pot ?</span></h4>
<img src=""//cdn.shopify.com/s/files/1/1063/7402/files/Choisir_la_bonne_taille_de_poiot_6072726f-dfdb-425a-96f5-7e55aa461009_large.png?12913818830572859085"" alt="""">
<h4><span>La livraison est gratuite</span></h4>
<p>Nous vous contacterons par mail 4 jours avant la livraison afin de vous préciser l'heure de passage.</p>
<h4><span>Fiberstone</span></h4>
<p>Le Fiberstone est obtenu à partir d' un mélange spécifique de fibre de verre et de poudre minérale qui lui donne sa résistance ( U.V, gel), sa légèreté ainsi que son aspect lisse et naturel. Les pots en Fiberstone sont moulés puis finis à la main.</p>
</div>",ParisPousse,Pot,pot,true,Taille,S - Ø 40 cm - Hauteur 35 cm,,,,,"",,,-4,continue,manual,69.00,,true,true,,https://cdn.shopify.com/s/files/1/1063/7402/products/lotus_1c8fbd4f-c143-446e-9ab5-aa843afb8a95.jpeg?v=1457127848,Lotus,false,Livraison à domicile d'un pot Lotus Fiberstone noir,"Plantes et pots design originaux et de qualité à des prix accessibles, directement chez vous.",,,,,,,,,,,,,,https://cdn.shopify.com/s/files/1/1063/7402/products/lotus_1c8fbd4f-c143-446e-9ab5-aa843afb8a95.jpeg?v=1457127848,kg,
fibertsone-lotus,,,,,,,,M - Ø 50 cm - Hauteur 40 cm,,,,,"",,,-2,continue,manual,99.00,,true,true,,https://cdn.shopify.com/s/files/1/1063/7402/products/buis-boule--lotus_8db698a2-42bc-40b2-bc6c-1435661e9b94.jpeg?v=1457127848,,,,,,,,,,,,,,,,,,https://cdn.shopify.com/s/files/1/1063/7402/products/lotus_1c8fbd4f-c143-446e-9ab5-aa843afb8a95.jpeg?v=1457127848,kg,
fibertsone-lotus,,,,,,,,L - Ø 58 cm - Hauteur 50 cm,,,,,"",,,1,continue,manual,139.00,,true,true,,https://cdn.shopify.com/s/files/1/1063/7402/products/philodendron--lotus.jpeg?v=1457127848,,,,,,,,,,,,,,,,,,https://cdn.shopify.com/s/files/1/1063/7402/products/lotus_1c8fbd4f-c143-446e-9ab5-aa843afb8a95.jpeg?v=1457127848,kg,
fibertsone-lotus,,,,,,,,,,,,,,,,,,,,,,,,https://cdn.shopify.com/s/files/1/1063/7402/products/kentia--lotus.jpeg?v=1457127848,,,,,,,,,,,,,,,,,,,,
fibertsone-lotus,,,,,,,,,,,,,,,,,,,,,,,,https://cdn.shopify.com/s/files/1/1063/7402/products/pied-d_elephant-ou-tahiti-bob--lotus.jpeg?v=1457127848,,,,,,,,,,,,,,,,,,,,
fiberstone-cylindre-noir,Cylindre Fiberstone Noir,"<div style=""text-align: center;"">
<meta charset=""utf-8"">
<h4><span>Comment choisir la bonne taille de pot ?</span></h4>
<img src=""//cdn.shopify.com/s/files/1/1063/7402/files/Choisir_la_bonne_taille_de_poiot_6072726f-dfdb-425a-96f5-7e55aa461009_large.png?12913818830572859085"" alt="""">
<h4><span>La livraison est gratuite</span></h4>
<p>Nous vous contacterons par mail 4 jours avant la livraison afin de vous préciser l'heure de passage.</p>
<h4><span>Fiberstone</span></h4>
<p>Le Fiberstone est obtenu à partir d' un mélange spécifique de fibre de verre et de poudre minérale qui lui donne sa résistance ( U.V, gel), sa légèreté ainsi que son aspect lisse et naturel. Les pots en Fiberstone sont moulés puis finis à la main.</p>
</div>",ParisPousse,Pot,pot,true,Taille,S - Ø 30 cm - Hauteur 30 cm,,,,,"",,,1,continue,manual,69.00,,true,true,,https://cdn.shopify.com/s/files/1/1063/7402/products/cylindre-noir_12fb5b7f-42c3-4fcf-8b36-fab102a9b8b9.jpeg?v=1456434007,Pot de fleur fibertsone cylindre noir,false,Livraison à domicile d'un pot Cylindre Fiberstone noir,"Plantes et pots design originaux et de qualité à des prix accessibles, directement chez vous.",,,,,,,,,,,,,,https://cdn.shopify.com/s/files/1/1063/7402/products/cylindre-noir_12fb5b7f-42c3-4fcf-8b36-fab102a9b8b9.jpeg?v=1456434007,kg,
fiberstone-cylindre-noir,,,,,,,,M - Ø 43 cm - Hauteur 30 cm,,,,,"",,,-1,continue,manual,89.00,,true,true,,https://cdn.shopify.com/s/files/1/1063/7402/products/sanseveria-mikado--cylindre.jpeg?v=1456434007,Pot de fleur fibertsone cylindre noir,,,,,,,,,,,,,,,,,https://cdn.shopify.com/s/files/1/1063/7402/products/cylindre-noir_12fb5b7f-42c3-4fcf-8b36-fab102a9b8b9.jpeg?v=1456434007,kg,
fiberstone-cylindre-noir,,,,,,,,L - Ø 50 cm - Hauteur 50 cm,,,,,"",,,1,continue,manual,139.00,,true,true,,https://cdn.shopify.com/s/files/1/1063/7402/products/sanseveria--cylindre-noir.jpeg?v=1456434007,Pot de fleur fibertsone cylindre noir,,,,,,,,,,,,,,,,,https://cdn.shopify.com/s/files/1/1063/7402/products/cylindre-noir_12fb5b7f-42c3-4fcf-8b36-fab102a9b8b9.jpeg?v=1456434007,kg,
fiberstone-cylindre-noir,,,,,,,,,,,,,,,,,,,,,,,,https://cdn.shopify.com/s/files/1/1063/7402/products/palmier-nain--cylindre-noir.jpeg?v=1456434007,Pot de fleur fibertsone cylindre noir,,,,,,,,,,,,,,,,,,,
fiberstone-cylindre-noir,,,,,,,,,,,,,,,,,,,,,,,,https://cdn.shopify.com/s/files/1/1063/7402/products/kentia--cylindre.jpeg?v=1456434007,Pot de fleur fibertsone cylindre noir,,,,,,,,,,,,,,,,,,,
fiberstone-cylindre-noir,,,,,,,,,,,,,,,,,,,,,,,,https://cdn.shopify.com/s/files/1/1063/7402/products/fleur-de-lune--cylindre.jpeg?v=1456434007,Pot de fleur fibertsone cylindre noir,,,,,,,,,,,,,,,,,,,
fiberstone-cylindre-noir,,,,,,,,,,,,,,,,,,,,,,,,https://cdn.shopify.com/s/files/1/1063/7402/products/cycas-du-japon--cylindre.jpeg?v=1456434007,Pot de fleur fibertsone cylindre noir,,,,,,,,,,,,,,,,,,,
fiberstone-cylindre-noir,,,,,,,,,,,,,,,,,,,,,,,,https://cdn.shopify.com/s/files/1/1063/7402/products/clusia--cylindre-noir_d65504ea-a523-4fc7-beab-6568f93e7972.jpeg?v=1456434007,Pot de fleur fibertsone cylindre noir,,,,,,,,,,,,,,,,,,,
fiberstone-cylindre-gris,Cylindre Fiberstone Gris,"<div style=""text-align: center;"">
<meta charset=""utf-8"">
<h4><span>Comment choisir la bonne taille de pot ?</span></h4>
<img src=""//cdn.shopify.com/s/files/1/1063/7402/files/Choisir_la_bonne_taille_de_poiot_6072726f-dfdb-425a-96f5-7e55aa461009_large.png?12913818830572859085"" alt="""">
<h4><span>La livraison est gratuite</span></h4>
<p>Nous vous contacterons par mail 4 jours avant la livraison afin de vous préciser l'heure de passage.</p>
<h4><span>Fiberstone</span></h4>
<p>Le Fiberstone est obtenu à partir d' un mélange spécifique de fibre de verre et de poudre minérale qui lui donne sa résistance ( U.V, gel), sa légèreté ainsi que son aspect lisse et naturel. Les pots en Fiberstone sont moulés puis finis à la main.</p>
</div>",ParisPousse,Pot,pot,true,Taille,S - Ø 30 cm - Hauteur 30 cm,,,,,"",,,1,continue,manual,69.00,,true,true,,https://cdn.shopify.com/s/files/1/1063/7402/products/cylindre-gris_7a2ec795-1ef2-4bc9-b00b-57da5c6a4e79.jpeg?v=1456434000,Pot de fleur fibertsone cylindre gris,false,Livraison à domicile d'un pot Cylindre Fiberstone gris,"Plantes et pots design originaux et de qualité à des prix accessibles, directement chez vous.",,,,,,,,,,,,,,https://cdn.shopify.com/s/files/1/1063/7402/products/cylindre-gris_7a2ec795-1ef2-4bc9-b00b-57da5c6a4e79.jpeg?v=1456434000,kg,
fiberstone-cylindre-gris,,,,,,,,M - Ø 43 cm - Hauteur 30 cm,,,,,"",,,0,continue,manual,89.00,,true,true,,https://cdn.shopify.com/s/files/1/1063/7402/products/clusia--cylindre-gris_6a49b914-3ad2-4119-9abc-8847f3f848cc.jpeg?v=1456434000,Pot de fleur fibertsone cylindre gris,,,,,,,,,,,,,,,,,https://cdn.shopify.com/s/files/1/1063/7402/products/cylindre-gris_7a2ec795-1ef2-4bc9-b00b-57da5c6a4e79.jpeg?v=1456434000,kg,
fiberstone-cylindre-gris,,,,,,,,L - Ø 50 cm - Hauteur 50 cm,,,,,"",,,1,continue,manual,139.00,,true,true,,https://cdn.shopify.com/s/files/1/1063/7402/products/sanseveria--cylindre-gris.jpeg?v=1456434000,Pot de fleur fibertsone cylindre gris,,,,,,,,,,,,,,,,,https://cdn.shopify.com/s/files/1/1063/7402/products/cylindre-gris_7a2ec795-1ef2-4bc9-b00b-57da5c6a4e79.jpeg?v=1456434000,kg,
terre-cylindre-haut,Cylindre Terre Naturelle Haut,"<div style=""text-align: center;"">
<meta charset=""utf-8"">
<h4><span>Comment choisir la bonne taille de pot ?</span></h4>
<img src=""//cdn.shopify.com/s/files/1/1063/7402/files/Choisir_la_bonne_taille_de_poiot_6072726f-dfdb-425a-96f5-7e55aa461009_large.png?12913818830572859085"" alt="""">
<h4><span>La livraison est gratuite</span></h4>
<p>Nous vous contacterons par mail 4 jours avant la livraison afin de vous préciser l'heure de passage.</p>
<h4><span>Terre naturelle</span></h4>
<p>La plupart de nos poteries viennent de Sinalunga, cette petite localité à l'est de Sienne est connue depuis la Renaissance pour son travail de la terra cotta. Le potier Maurizio Benocci, qui dirige l'entreprise familiale, fabrique les modèles traditionnels de l'artisanat toscan. Toutes nos poteries italiennes sont non-gélives et importées directement de Toscane. Les pots sont percés et livrés avec une soucoupe.</p>
</div>",ParisPousse,Pot,pot,true,Taille,S - Ø 40 cm x Hauteur  31 cm,,,,,"",,,-3,continue,manual,69.00,,true,true,,https://cdn.shopify.com/s/files/1/1063/7402/products/cylindre-haut_c303886c-40cd-4e48-bbc9-9b9f416f6e62.jpeg?v=1456433995,pot de fleur terre cylindre,false,Livraison à domicile d'un pot en terre naturelle,"Plantes et pots design originaux et de qualité à des prix accessibles, directement chez vous.",,,,,,,,,,,,,,https://cdn.shopify.com/s/files/1/1063/7402/products/cylindre-haut_c303886c-40cd-4e48-bbc9-9b9f416f6e62.jpeg?v=1456433995,kg,
terre-cylindre-haut,,,,,,,,M - Ø 50 cm x Hauteur  37 cm,,,,,"",,,-2,continue,manual,99.00,,true,true,,https://cdn.shopify.com/s/files/1/1063/7402/products/olivier--cylindre-haut.jpeg?v=1456433995,pot de fleur terre cylindre,,,,,,,,,,,,,,,,,https://cdn.shopify.com/s/files/1/1063/7402/products/cylindre-haut_c303886c-40cd-4e48-bbc9-9b9f416f6e62.jpeg?v=1456433995,kg,
terre-cylindre-haut,,,,,,,,L - Ø 65cm  x Hauteur  51 cm,,,,,"",,,1,continue,manual,169.00,,true,true,,https://cdn.shopify.com/s/files/1/1063/7402/products/palmier-a-chanvre--cylindre-haut.jpeg?v=1456433995,pot de fleur terre cylindre,,,,,,,,,,,,,,,,,https://cdn.shopify.com/s/files/1/1063/7402/products/cylindre-haut_c303886c-40cd-4e48-bbc9-9b9f416f6e62.jpeg?v=1456433995,kg,
terre-cylindre-haut,,,,,,,,,,,,,,,,,,,,,,,,https://cdn.shopify.com/s/files/1/1063/7402/products/phormium--cylindre-haut_6c98eece-4bb3-4546-9a21-f0dadd6c0c9f.jpeg?v=1456433995,pot de fleur terre cylindre,,,,,,,,,,,,,,,,,,,
terre-cylindre-haut,,,,,,,,,,,,,,,,,,,,,,,,https://cdn.shopify.com/s/files/1/1063/7402/products/yucca--cylindre-haut.jpeg?v=1456433995,pot de fleur terre cylindre,,,,,,,,,,,,,,,,,,,
riviera-carre-conique-taupe,Carré Riviera Taupe,"<div style=""text-align: center;"">
<meta charset=""utf-8"">
<h4><span>Comment choisir la bonne taille de pot ?</span></h4>
<img src=""//cdn.shopify.com/s/files/1/1063/7402/files/Choisir_la_bonne_taille_de_poiot_6072726f-dfdb-425a-96f5-7e55aa461009_large.png?12913818830572859085"" alt="""">
<h4><span>La livraison est gratuite</span></h4>
<p>Nous vous contacterons par mail 4 jours avant la livraison afin de vous préciser l'heure de passage.</p>
<h4><span>Riviera - réserve d'eau</span></h4>
<p>Fabriqué en résine de synthèse de haute qualité, le bac “Riviera” ne craint ni soleil, ni gel. Il n’y a pas d’évaporation par les parois poreuses évitant ainsi de refroidir la terre, et de tuer les radicelles. L’hydrosystem RIVIERA permet l’hydratation des plantes par remontée capillaire de l’eau vers la terre. L’humidité reste constante et régulière conformément aux besoins de la plante. Entre l’eau et la plante, une grille toilée munie de grandes alvéoles, laisse passer l’air dont les racines ont besoin. La toile imputrescible maintient le terreau sans risque d’obstruction. Sa texture empêche les racines de traverser la grille et permet un meilleur rempotage. La nature spéciale des fibres de la toile assure la régulation de la vitesse de remontée de l’eau et sa diffusion uniforme dans le terreau (quelle que soit la composition de ce dernier).Un voyant situé sur le côté permet en un clin d’oeil de vérifier le niveau d’eau.Ce système évite tout risque d’inondation au moment du remplissage.En cas d’utilisation extérieure, il faut percer la colonne de trop plein située sous les bacs</p>
<img src=""//cdn.shopify.com/s/files/1/1063/7402/files/Riviera_large.png?2946902858807963042"" alt="""">
</div>",ParisPousse,Pot,pot,true,Taille,S - 35 x 35 cm - Hauteur 33 cm,,,,,"",,,1,continue,manual,69.00,,true,true,,https://cdn.shopify.com/s/files/1/1063/7402/products/carre-conique-taupe_9b90f6c7-630c-444e-9ceb-68c71f0c45d5.jpeg?v=1456433991,Pot riviera Carré conique taupe,false,Livraison à domicile d'un pot à réserve d'eau Riviera carré et taupe,"Plantes et pots design originaux et de qualité à des prix accessibles, directement chez vous.",,,,,,,,,,,,,,https://cdn.shopify.com/s/files/1/1063/7402/products/carre-conique-taupe_9b90f6c7-630c-444e-9ceb-68c71f0c45d5.jpeg?v=1456433991,kg,
riviera-carre-conique-taupe,,,,,,,,M - 44 x 44 cm - Hauteur 41 cm,,,,,"",,,1,continue,manual,89.00,,true,true,,https://cdn.shopify.com/s/files/1/1063/7402/products/riviera-taupe_2c1b0c08-0990-4793-8fad-95ff39050768.jpeg?v=1456433991,Pot riviera Carré conique taupe,,,,,,,,,,,,,,,,,https://cdn.shopify.com/s/files/1/1063/7402/products/carre-conique-taupe_9b90f6c7-630c-444e-9ceb-68c71f0c45d5.jpeg?v=1456433991,kg,
riviera-carre-conique-gris,Carré Riviera Noir,"<div style=""text-align: center;"">
<meta charset=""utf-8"">
<h4><span>Comment choisir la bonne taille de pot ?</span></h4>
<img src=""//cdn.shopify.com/s/files/1/1063/7402/files/Choisir_la_bonne_taille_de_poiot_6072726f-dfdb-425a-96f5-7e55aa461009_large.png?12913818830572859085"" alt="""">
<h4><span>La livraison est gratuite</span></h4>
<p>Nous vous contacterons par mail 4 jours avant la livraison afin de vous préciser l'heure de passage.</p>
<h4><span>Riviera - réserve d'eau</span></h4>
<p>Fabriqué en résine de synthèse de haute qualité, le bac “Riviera” ne craint ni soleil, ni gel. Il n’y a pas d’évaporation par les parois poreuses évitant ainsi de refroidir la terre, et de tuer les radicelles. L’hydrosystem RIVIERA permet l’hydratation des plantes par remontée capillaire de l’eau vers la terre. L’humidité reste constante et régulière conformément aux besoins de la plante. Entre l’eau et la plante, une grille toilée munie de grandes alvéoles, laisse passer l’air dont les racines ont besoin. La toile imputrescible maintient le terreau sans risque d’obstruction. Sa texture empêche les racines de traverser la grille et permet un meilleur rempotage. La nature spéciale des fibres de la toile assure la régulation de la vitesse de remontée de l’eau et sa diffusion uniforme dans le terreau (quelle que soit la composition de ce dernier).Un voyant situé sur le côté permet en un clin d’oeil de vérifier le niveau d’eau.Ce système évite tout risque d’inondation au moment du remplissage.En cas d’utilisation extérieure, il faut percer la colonne de trop plein située sous les bacs</p>
<img src=""//cdn.shopify.com/s/files/1/1063/7402/files/Riviera_large.png?2946902858807963042"" alt="""">
</div>",ParisPousse,Pot,pot,true,Taille,S - 35 x 35 cm - Hauteur 33 cm,,,,,"",,,1,continue,manual,69.00,,true,true,,https://cdn.shopify.com/s/files/1/1063/7402/products/carre-conique-gris_a82204a7-609e-48fa-ada0-4b5f722f1a8a.jpeg?v=1456433984,Pot riviera Carré conique gris,false,Livraison à domicile d'un pot à réserve d'eau Riviera carré et noir,"Plantes et pots design originaux et de qualité à des prix accessibles, directement chez vous.",,,,,,,,,,,,,,https://cdn.shopify.com/s/files/1/1063/7402/products/carre-conique-gris_a82204a7-609e-48fa-ada0-4b5f722f1a8a.jpeg?v=1456433984,kg,
riviera-carre-conique-gris,,,,,,,,M - 44 x 44 cm - Hauteur 41 cm,,,,,"",,,0,continue,manual,89.00,,true,true,,https://cdn.shopify.com/s/files/1/1063/7402/products/riviera-noir_a7f263c8-d1b9-42ee-bc5c-57e03ca52bcf.jpeg?v=1456433984,Pot riviera Carré conique gris,,,,,,,,,,,,,,,,,https://cdn.shopify.com/s/files/1/1063/7402/products/carre-conique-gris_a82204a7-609e-48fa-ada0-4b5f722f1a8a.jpeg?v=1456433984,kg,
riviera-carre-conique-gris,,,,,,,,,,,,,,,,,,,,,,,,https://cdn.shopify.com/s/files/1/1063/7402/products/buis-boule--carre-conique_db78ce4d-1806-4d74-b23f-266767175fbb.jpeg?v=1456433984,Pot riviera Carré conique gris,,,,,,,,,,,,,,,,,,,
riviera-carre-conique-rouge,Carré Riviera Rouge,"<div style=""text-align: center;"">
<meta charset=""utf-8"">
<h4><span>Comment choisir la bonne taille de pot ?</span></h4>
<img src=""//cdn.shopify.com/s/files/1/1063/7402/files/Choisir_la_bonne_taille_de_poiot_6072726f-dfdb-425a-96f5-7e55aa461009_large.png?12913818830572859085"" alt="""">
<h4><span>La livraison est gratuite</span></h4>
<p>Nous vous contacterons par mail 4 jours avant la livraison afin de vous préciser l'heure de passage.</p>
<h4><span>Riviera - réserve d'eau</span></h4>
<p>Fabriqué en résine de synthèse de haute qualité, le bac “Riviera” ne craint ni soleil, ni gel. Il n’y a pas d’évaporation par les parois poreuses évitant ainsi de refroidir la terre, et de tuer les radicelles. L’hydrosystem RIVIERA permet l’hydratation des plantes par remontée capillaire de l’eau vers la terre. L’humidité reste constante et régulière conformément aux besoins de la plante. Entre l’eau et la plante, une grille toilée munie de grandes alvéoles, laisse passer l’air dont les racines ont besoin. La toile imputrescible maintient le terreau sans risque d’obstruction. Sa texture empêche les racines de traverser la grille et permet un meilleur rempotage. La nature spéciale des fibres de la toile assure la régulation de la vitesse de remontée de l’eau et sa diffusion uniforme dans le terreau (quelle que soit la composition de ce dernier).Un voyant situé sur le côté permet en un clin d’oeil de vérifier le niveau d’eau.Ce système évite tout risque d’inondation au moment du remplissage.En cas d’utilisation extérieure, il faut percer la colonne de trop plein située sous les bacs</p>
<img src=""//cdn.shopify.com/s/files/1/1063/7402/files/Riviera_large.png?2946902858807963042"" alt="""">
</div>",ParisPousse,Pot,pot,true,Taille,S - 35 x 35 cm - Hauteur 33 cm,,,,,"",,,1,continue,manual,69.00,,true,true,,https://cdn.shopify.com/s/files/1/1063/7402/products/carre-conique-rouge_41b3f82f-d6d3-4670-82bb-22632fa2a642.jpeg?v=1456433978,Pot riviera Carré conique rouge,false,Livraison à domicile d'un pot à réserve d'eau Riviera carré et rouge,"Plantes et pots design originaux et de qualité à des prix accessibles, directement chez vous.",,,,,,,,,,,,,,https://cdn.shopify.com/s/files/1/1063/7402/products/carre-conique-rouge_41b3f82f-d6d3-4670-82bb-22632fa2a642.jpeg?v=1456433978,kg,
riviera-carre-conique-rouge,,,,,,,,M - 44 x 44 cm - Hauteur 41 cm,,,,,"",,,1,continue,manual,89.00,,true,true,,https://cdn.shopify.com/s/files/1/1063/7402/products/riviera-rouge_0007aa9f-1c12-422d-98f4-e271c2d4d45b.jpeg?v=1456433978,Pot riviera Carré conique rouge,,,,,,,,,,,,,,,,,https://cdn.shopify.com/s/files/1/1063/7402/products/carre-conique-rouge_41b3f82f-d6d3-4670-82bb-22632fa2a642.jpeg?v=1456433978,kg,
riviera-carre-conique-rouge,,,,,,,,,,,,,,,,,,,,,,,,https://cdn.shopify.com/s/files/1/1063/7402/products/olivier--carre-conique.jpeg?v=1456433978,Pot riviera Carré conique rouge,,,,,,,,,,,,,,,,,,,
riviera-carre-conique-haut-taupe,Carré Riviera Haut Taupe,"<div style=""text-align: center;"">
<meta charset=""utf-8"">
<h4><span>Comment choisir la bonne taille de pot ?</span></h4>
<img src=""//cdn.shopify.com/s/files/1/1063/7402/files/Choisir_la_bonne_taille_de_poiot_6072726f-dfdb-425a-96f5-7e55aa461009_large.png?12913818830572859085"" alt="""">
<h4><span>La livraison est gratuite</span></h4>
<p>Nous vous contacterons par mail 4 jours avant la livraison afin de vous préciser l'heure de passage.</p>
<h4><span>Riviera - réserve d'eau</span></h4>
<p>Fabriqué en résine de synthèse de haute qualité, le bac “Riviera” ne craint ni soleil, ni gel. Il n’y a pas d’évaporation par les parois poreuses évitant ainsi de refroidir la terre, et de tuer les radicelles. L’hydrosystem RIVIERA permet l’hydratation des plantes par remontée capillaire de l’eau vers la terre. L’humidité reste constante et régulière conformément aux besoins de la plante. Entre l’eau et la plante, une grille toilée munie de grandes alvéoles, laisse passer l’air dont les racines ont besoin. La toile imputrescible maintient le terreau sans risque d’obstruction. Sa texture empêche les racines de traverser la grille et permet un meilleur rempotage. La nature spéciale des fibres de la toile assure la régulation de la vitesse de remontée de l’eau et sa diffusion uniforme dans le terreau (quelle que soit la composition de ce dernier).Un voyant situé sur le côté permet en un clin d’oeil de vérifier le niveau d’eau.Ce système évite tout risque d’inondation au moment du remplissage.En cas d’utilisation extérieure, il faut percer la colonne de trop plein située sous les bacs</p>
<img src=""//cdn.shopify.com/s/files/1/1063/7402/files/Riviera_large.png?2946902858807963042"" alt="""">
</div>",ParisPousse,Pot,pot,true,Taille,S - 29 x 29 cm - Hauteur 52 cm,,,,,"",,,1,continue,manual,89.00,,true,true,,https://cdn.shopify.com/s/files/1/1063/7402/products/carre-conique-haut-riviera-taupe_8bc8d456-aa3a-471a-b6cd-90f7e84b3343.jpeg?v=1456433970,Pot riviera carré conique taupe,false,Livraison à domicile d'un pot à réserve d'eau Riviera carré haut,"Plantes et pots design originaux et de qualité à des prix accessibles, directement chez vous.",,,,,,,,,,,,,,https://cdn.shopify.com/s/files/1/1063/7402/products/carre-conique-haut-riviera-taupe_8bc8d456-aa3a-471a-b6cd-90f7e84b3343.jpeg?v=1456433970,kg,
riviera-carre-conique-haut-taupe,,,,,,,,M - 38 x 38 cm - Hauteur 69 cm,,,,,"",,,1,continue,manual,129.00,,true,true,,https://cdn.shopify.com/s/files/1/1063/7402/products/riviera-taupe_e239b230-36f2-4354-838a-bda21a2f7971.jpeg?v=1456433970,Pot riviera carré conique taupe,,,,,,,,,,,,,,,,,https://cdn.shopify.com/s/files/1/1063/7402/products/carre-conique-haut-riviera-taupe_8bc8d456-aa3a-471a-b6cd-90f7e84b3343.jpeg?v=1456433970,kg,
riviera-carre-conique-haut-gris,Carré Riviera Haut Noir,"<div style=""text-align: center;"">
<meta charset=""utf-8"">
<h4><span>Comment choisir la bonne taille de pot ?</span></h4>
<img src=""//cdn.shopify.com/s/files/1/1063/7402/files/Choisir_la_bonne_taille_de_poiot_6072726f-dfdb-425a-96f5-7e55aa461009_large.png?12913818830572859085"" alt="""">
<h4><span>La livraison est gratuite</span></h4>
<p>Nous vous contacterons par mail 4 jours avant la livraison afin de vous préciser l'heure de passage.</p>
<h4><span>Riviera - réserve d'eau</span></h4>
<p>Fabriqué en résine de synthèse de haute qualité, le bac “Riviera” ne craint ni soleil, ni gel. Il n’y a pas d’évaporation par les parois poreuses évitant ainsi de refroidir la terre, et de tuer les radicelles. L’hydrosystem RIVIERA permet l’hydratation des plantes par remontée capillaire de l’eau vers la terre. L’humidité reste constante et régulière conformément aux besoins de la plante. Entre l’eau et la plante, une grille toilée munie de grandes alvéoles, laisse passer l’air dont les racines ont besoin. La toile imputrescible maintient le terreau sans risque d’obstruction. Sa texture empêche les racines de traverser la grille et permet un meilleur rempotage. La nature spéciale des fibres de la toile assure la régulation de la vitesse de remontée de l’eau et sa diffusion uniforme dans le terreau (quelle que soit la composition de ce dernier).Un voyant situé sur le côté permet en un clin d’oeil de vérifier le niveau d’eau.Ce système évite tout risque d’inondation au moment du remplissage.En cas d’utilisation extérieure, il faut percer la colonne de trop plein située sous les bacs</p>
<img src=""//cdn.shopify.com/s/files/1/1063/7402/files/Riviera_large.png?2946902858807963042"" alt="""">
</div>",ParisPousse,Pot,pot,true,Taille,S - 29 x 29 cm - Hauteur 52 cm,,,,,"",,,1,continue,manual,89.00,,true,true,,https://cdn.shopify.com/s/files/1/1063/7402/products/carre-conique-haut-riviera-gris_e22032b8-e5d9-40bb-a666-4a147ec4c10e.jpeg?v=1456433964,Pot riviera carré conique gris,false,Livraison à domicile d'un pot à réserve d'eau Riviera carré haut,"Plantes et pots design originaux et de qualité à des prix accessibles, directement chez vous.",,,,,,,,,,,,,,https://cdn.shopify.com/s/files/1/1063/7402/products/carre-conique-haut-riviera-gris_e22032b8-e5d9-40bb-a666-4a147ec4c10e.jpeg?v=1456433964,kg,
riviera-carre-conique-haut-gris,,,,,,,,M - 38 x 38 cm - Hauteur 69 cm,,,,,"",,,1,continue,manual,159.00,,true,true,,https://cdn.shopify.com/s/files/1/1063/7402/products/riviera-noir_c80bfed3-d02d-4693-ad1b-db42ed166b05.jpeg?v=1456433964,Pot riviera carré conique gris,,,,,,,,,,,,,,,,,https://cdn.shopify.com/s/files/1/1063/7402/products/carre-conique-haut-riviera-gris_e22032b8-e5d9-40bb-a666-4a147ec4c10e.jpeg?v=1456433964,kg,
riviera-carre-conique-haut-gris,,,,,,,,,,,,,,,,,,,,,,,,https://cdn.shopify.com/s/files/1/1063/7402/products/olivier--carre-conique-haut-riviera.jpeg?v=1456433964,Pot riviera carré conique gris,,,,,,,,,,,,,,,,,,,
riviera-carre-conique-haut-rouge,Carré Riviera Haut Rouge,"<div style=""text-align: center;"">
<meta charset=""utf-8"">
<h4><span>Comment choisir la bonne taille de pot ?</span></h4>
<img src=""//cdn.shopify.com/s/files/1/1063/7402/files/Choisir_la_bonne_taille_de_poiot_6072726f-dfdb-425a-96f5-7e55aa461009_large.png?12913818830572859085"" alt="""">
<h4><span>La livraison est gratuite</span></h4>
<p>Nous vous contacterons par mail 4 jours avant la livraison afin de vous préciser l'heure de passage.</p>
<h4><span>Riviera - réserve d'eau</span></h4>
<p>Fabriqué en résine de synthèse de haute qualité, le bac “Riviera” ne craint ni soleil, ni gel. Il n’y a pas d’évaporation par les parois poreuses évitant ainsi de refroidir la terre, et de tuer les radicelles. L’hydrosystem RIVIERA permet l’hydratation des plantes par remontée capillaire de l’eau vers la terre. L’humidité reste constante et régulière conformément aux besoins de la plante. Entre l’eau et la plante, une grille toilée munie de grandes alvéoles, laisse passer l’air dont les racines ont besoin. La toile imputrescible maintient le terreau sans risque d’obstruction. Sa texture empêche les racines de traverser la grille et permet un meilleur rempotage. La nature spéciale des fibres de la toile assure la régulation de la vitesse de remontée de l’eau et sa diffusion uniforme dans le terreau (quelle que soit la composition de ce dernier).Un voyant situé sur le côté permet en un clin d’oeil de vérifier le niveau d’eau.Ce système évite tout risque d’inondation au moment du remplissage.En cas d’utilisation extérieure, il faut percer la colonne de trop plein située sous les bacs</p>
<img src=""//cdn.shopify.com/s/files/1/1063/7402/files/Riviera_large.png?2946902858807963042"" alt="""">
</div>",ParisPousse,Pot,pot,true,Taille,S - 29 x 29 cm - Hauteur 52 cm,,,,,"",,,1,continue,manual,89.00,,true,true,,https://cdn.shopify.com/s/files/1/1063/7402/products/carre-conique-haut-riviera-rouge_a8ab6415-e0c6-4adb-887b-0d1bcdc9a7d6.jpeg?v=1456433957,Pot riviera carré conique rouge ,false,Livraison à domicile d'un pot à réserve d'eau Riviera carré haut,"Plantes et pots design originaux et de qualité à des prix accessibles, directement chez vous.",,,,,,,,,,,,,,https://cdn.shopify.com/s/files/1/1063/7402/products/carre-conique-haut-riviera-rouge_a8ab6415-e0c6-4adb-887b-0d1bcdc9a7d6.jpeg?v=1456433957,kg,
riviera-carre-conique-haut-rouge,,,,,,,,M - 38 x 38 cm - Hauteur 69 cm,,,,,"",,,1,continue,manual,129.00,,true,true,,https://cdn.shopify.com/s/files/1/1063/7402/products/riviera-rouge_527a8574-a22a-4cf5-a046-f6f572495973.jpeg?v=1456433957,Pot riviera carré conique rouge ,,,,,,,,,,,,,,,,,https://cdn.shopify.com/s/files/1/1063/7402/products/carre-conique-haut-riviera-rouge_a8ab6415-e0c6-4adb-887b-0d1bcdc9a7d6.jpeg?v=1456433957,kg,
riviera-carre-conique-haut-rouge,,,,,,,,,,,,,,,,,,,,,,,,https://cdn.shopify.com/s/files/1/1063/7402/products/cactus--carre-conique-haut-riviera.jpeg?v=1456433957,Pot riviera carré conique rouge ,,,,,,,,,,,,,,,,,,,
riviera-carre-conique-haut-rouge,,,,,,,,,,,,,,,,,,,,,,,,https://cdn.shopify.com/s/files/1/1063/7402/products/cycas-du-japon--carre-conique-haut-riviera.jpeg?v=1456433957,Pot riviera carré conique rouge ,,,,,,,,,,,,,,,,,,,
ravel,Ravel,"<div style=""text-align: center;"">
<meta charset=""utf-8"">
<h4><span>Comment choisir la bonne taille de pot ?</span></h4>
<img src=""//cdn.shopify.com/s/files/1/1063/7402/files/Choisir_la_bonne_taille_de_poiot_6072726f-dfdb-425a-96f5-7e55aa461009_large.png?12913818830572859085"" alt="""">
<h4><span>La livraison est gratuite</span></h4>
<p>Nous vous contacterons par mail 4 jours avant la livraison afin de vous préciser l'heure de passage.</p>
<h4><span>Ravel</span></h4>
<p>Les Poteries RAVEL existent depuis 1837 à Aubagne , depuis près de 200 ans elles travaillent l'argile extraite de leur carrière pour proposer une large collection de pots. Ils résistent au gel et aux U.V. Les pots sont percés et livrés avec une soucoupe.</p>
</div>",ParisPousse,Pot,pot,true,Taille,M - Ø 45 cm - Hauteur 50 cm,,,,,"",,,1,continue,manual,159.00,,true,true,,https://cdn.shopify.com/s/files/1/1063/7402/products/ravel_23a4e602-d990-49ff-bb70-0bb69efa5d51.jpeg?v=1457339430,Ravel,false,Livraison à domicile d'un pot Ravel en terre cuite,"Plantes et pots design originaux et de qualité à des prix accessibles, directement chez vous.",,,,,,,,,,,,,,https://cdn.shopify.com/s/files/1/1063/7402/products/ravel_23a4e602-d990-49ff-bb70-0bb69efa5d51.jpeg?v=1457339430,kg,
ravel,,,,,,,,L - Ø 57 cm - Hauteur 65 cm,,,,,"",,,0,continue,manual,259.00,,true,true,,https://cdn.shopify.com/s/files/1/1063/7402/products/aloe-vera--ravel.jpeg?v=1457339430,,,,,,,,,,,,,,,,,,https://cdn.shopify.com/s/files/1/1063/7402/products/ravel_23a4e602-d990-49ff-bb70-0bb69efa5d51.jpeg?v=1457339430,kg,
ravel,,,,,,,,,,,,,,,,,,,,,,,,https://cdn.shopify.com/s/files/1/1063/7402/products/palmier-a-chanvre--ravel2.jpeg?v=1457339430,,,,,,,,,,,,,,,,,,,,
ravel,,,,,,,,,,,,,,,,,,,,,,,,https://cdn.shopify.com/s/files/1/1063/7402/products/palmier-nain--ravel.jpeg?v=1457339430,,,,,,,,,,,,,,,,,,,,
ravel,,,,,,,,,,,,,,,,,,,,,,,,https://cdn.shopify.com/s/files/1/1063/7402/products/phoenix--ravel.jpeg?v=1457339430,,,,,,,,,,,,,,,,,,,,
ravel,,,,,,,,,,,,,,,,,,,,,,,,https://cdn.shopify.com/s/files/1/1063/7402/products/philodendron--ravel.jpeg?v=1457339430,,,,,,,,,,,,,,,,,,,,
ravel,,,,,,,,,,,,,,,,,,,,,,,,https://cdn.shopify.com/s/files/1/1063/7402/products/phormium--ravel_c2f6bd5c-d1d2-4ce3-8e13-2e2f2388859f.jpeg?v=1457339430,,,,,,,,,,,,,,,,,,,,
ravel,,,,,,,,,,,,,,,,,,,,,,,,https://cdn.shopify.com/s/files/1/1063/7402/products/yucca--ravel.jpeg?v=1457339430,,,,,,,,,,,,,,,,,,,,
fiberstone-carre-conique-haut-gris,Carré Fiberstone Haut Gris,"<div style=""text-align: center;"">
<meta charset=""utf-8"">
<h4><span>Comment choisir la bonne taille de pot ?</span></h4>
<img src=""//cdn.shopify.com/s/files/1/1063/7402/files/Choisir_la_bonne_taille_de_poiot_6072726f-dfdb-425a-96f5-7e55aa461009_large.png?12913818830572859085"" alt="""">
<h4><span>La livraison est gratuite</span></h4>
<p>Nous vous contacterons par mail 4 jours avant la livraison afin de vous préciser l'heure de passage.</p>
<h4><span>Fiberstone <br></span></h4>
<p>Le Fiberstone est obtenu à partir d' un mélange spécifique de fibre de verre et de poudre minérale qui lui donne sa résistance ( U.V, gel), sa légèreté ainsi que son aspect lisse et naturel. Les pots en Fiberstone sont moulés puis finis à la main.</p>
</div>",ParisPousse,Pot,pot,true,Taille,S - 33 x 33 cm - Hauteur 75 cm,,,,,"",,,-4,continue,manual,89.00,,true,true,,https://cdn.shopify.com/s/files/1/1063/7402/products/carre-conique-haut-fiberstone-gris_3afb101d-c0f6-4ba0-8c73-11064110007c.jpeg?v=1456861569,Fiberstone carré conique haut gris,false,Livraison à domicile d'un pot Fiberstone haut et gris,"Plantes et pots design originaux et de qualité à des prix accessibles, directement chez vous.",,,,,,,,,,,,,,https://cdn.shopify.com/s/files/1/1063/7402/products/carre-conique-haut-fiberstone-gris_3afb101d-c0f6-4ba0-8c73-11064110007c.jpeg?v=1456861569,kg,
fiberstone-carre-conique-haut-gris,,,,,,,,M - 40 x 40 cm - Hauteur 90 cm,,,,,"",,,1,continue,manual,159.00,,true,true,,https://cdn.shopify.com/s/files/1/1063/7402/products/sanseveria-mikado--carre-conique-haut-fiberstone.jpeg?v=1456861569,Fiberstone carré conique haut gris,,,,,,,,,,,,,,,,,https://cdn.shopify.com/s/files/1/1063/7402/products/carre-conique-haut-fiberstone-gris_3afb101d-c0f6-4ba0-8c73-11064110007c.jpeg?v=1456861569,kg,
fiberstone-carre-conique-haut-noir,Carré Fiberstone Haut Noir,"<div style=""text-align: center;"">
<meta charset=""utf-8"">
<h4><span>Comment choisir la bonne taille de pot ?</span></h4>
<img src=""//cdn.shopify.com/s/files/1/1063/7402/files/Choisir_la_bonne_taille_de_poiot_6072726f-dfdb-425a-96f5-7e55aa461009_large.png?12913818830572859085"" alt="""">
<h4><span>La livraison est gratuite</span></h4>
<p>Nous vous contacterons par mail 4 jours avant la livraison afin de vous préciser l'heure de passage.</p>
<h4><span>Fiberstone</span></h4>
<p>Le Fiberstone est obtenu à partir d' un mélange spécifique de fibre de verre et de poudre minérale qui lui donne sa résistance ( U.V, gel), sa légèreté ainsi que son aspect lisse et naturel. Les pots en Fiberstone sont moulés puis finis à la main.</p>
</div>",ParisPousse,Pot,pot,true,Taille,S - 33 x 33 cm - Hauteur 75 cm,,,,,"",,,1,continue,manual,89.00,,true,true,,https://cdn.shopify.com/s/files/1/1063/7402/products/carre-conique-haut-fiberstone-noir_94ed7e43-b96f-42d2-86af-f03edd89de9f.jpeg?v=1456433937,Fiberstone carré conique haut noir ,false,Livraison à domicile d'un pot Fiberstone haut et noir,"Plantes et pots design originaux et de qualité à des prix accessibles, directement chez vous.",,,,,,,,,,,,,,https://cdn.shopify.com/s/files/1/1063/7402/products/carre-conique-haut-fiberstone-noir_94ed7e43-b96f-42d2-86af-f03edd89de9f.jpeg?v=1456433937,kg,
fiberstone-carre-conique-haut-noir,,,,,,,,M - 40 x 40 cm - Hauteur 90 cm,,,,,"",,,-7,continue,manual,159.00,,true,true,,https://cdn.shopify.com/s/files/1/1063/7402/products/aloe-vera--carre-conique-haut-fiberstone.jpeg?v=1456433937,Fiberstone carré conique haut noir ,,,,,,,,,,,,,,,,,https://cdn.shopify.com/s/files/1/1063/7402/products/carre-conique-haut-fiberstone-noir_94ed7e43-b96f-42d2-86af-f03edd89de9f.jpeg?v=1456433937,kg,
fiberstone-carre-conique-haut-noir,,,,,,,,,,,,,,,,,,,,,,,,https://cdn.shopify.com/s/files/1/1063/7402/products/buis-boule--carre-conique-haut-fiberstone_e1735b08-1ca5-460c-a61d-f3b14c1860d5.jpeg?v=1456433937,Fiberstone carré conique haut noir ,,,,,,,,,,,,,,,,,,,
fiberstone-carre-conique-haut-noir,,,,,,,,,,,,,,,,,,,,,,,,https://cdn.shopify.com/s/files/1/1063/7402/products/sanseveria--carre-conique-haut-fiberstone.jpeg?v=1456433937,Fiberstone carré conique haut noir ,,,,,,,,,,,,,,,,,,,
terre-vase-vecchio,Vase Vecchio,"<div style=""text-align: center;"">
<meta charset=""utf-8"">
<h4><span>Comment choisir la bonne taille de pot ?</span></h4>
<img src=""//cdn.shopify.com/s/files/1/1063/7402/files/Choisir_la_bonne_taille_de_poiot_6072726f-dfdb-425a-96f5-7e55aa461009_large.png?12913818830572859085"" alt="""">
<h4><span>La livraison est gratuite</span></h4>
<p>Nous vous contacterons par mail 4 jours avant la livraison afin de vous préciser l'heure de passage.</p>
<h4><span>Terre naturelle</span></h4>
<p>La plupart de nos poteries viennent de Sinalunga, cette petite localité à l'est de Sienne est connue depuis la Renaissance pour son travail de la terra cotta. Le potier Maurizio Benocci, qui dirige l'entreprise familiale, fabrique les modèles traditionnels de l'artisanat toscan. Toutes nos poteries italiennes sont non-gélives et importées directement de Toscane. Les pots sont percés et livrés avec une soucoupe.</p>
</div>",ParisPousse,Pot,pot,true,Taille,S - Ø 30 cm - Hauteur 39 cm,,,,,"",,,-1,continue,manual,89.00,,true,true,,https://cdn.shopify.com/s/files/1/1063/7402/products/vase-vecchio_631421de-32d2-4b9a-9e66-4f36c894d399.jpeg?v=1456433931,Vase Vecchio Terre Naturelle,false,Livraison à domicile d'un Vase Vecchio en terre cuite,"Plantes et pots design originaux et de qualité à des prix accessibles, directement chez vous.",,,,,,,,,,,,,,https://cdn.shopify.com/s/files/1/1063/7402/products/vase-vecchio_631421de-32d2-4b9a-9e66-4f36c894d399.jpeg?v=1456433931,kg,
terre-vase-vecchio,,,,,,,,M - Ø 40 cm - Hauteur 52 cm,,,,,"",,,-5,continue,manual,139.00,,true,true,,https://cdn.shopify.com/s/files/1/1063/7402/products/cactus--vase-vecchio.jpeg?v=1456433931,Vase Vecchio Terre Naturelle,,,,,,,,,,,,,,,,,https://cdn.shopify.com/s/files/1/1063/7402/products/vase-vecchio_631421de-32d2-4b9a-9e66-4f36c894d399.jpeg?v=1456433931,kg,
terre-vase-vecchio,,,,,,,,L - Ø 50 cm - Hauteur 60 cm,,,,,"",,,-1,continue,manual,249.00,,true,true,,https://cdn.shopify.com/s/files/1/1063/7402/products/phormium--vase-vecchio_0ebcef83-bdbb-4936-b0c1-124167ac4125.jpeg?v=1456433931,Vase Vecchio Terre Naturelle,,,,,,,,,,,,,,,,,https://cdn.shopify.com/s/files/1/1063/7402/products/vase-vecchio_631421de-32d2-4b9a-9e66-4f36c894d399.jpeg?v=1456433931,kg,
terre-vase-vecchio,,,,,,,,,,,,,,,,,,,,,,,,https://cdn.shopify.com/s/files/1/1063/7402/products/pied-d_elephant-ou-tahiti-bob--vase-vecchio.jpeg?v=1456433931,Vase Vecchio Terre Naturelle,,,,,,,,,,,,,,,,,,,
terre-vase-vecchio,,,,,,,,,,,,,,,,,,,,,,,,https://cdn.shopify.com/s/files/1/1063/7402/products/yucca--vase-vecchio.jpeg?v=1456433931,Vase Vecchio Terre Naturelle,,,,,,,,,,,,,,,,,,,
terre-vase-vecchio,,,,,,,,,,,,,,,,,,,,,,,,https://cdn.shopify.com/s/files/1/1063/7402/products/zamioculcas--vase-vecchio.jpeg?v=1456433931,Vase Vecchio Terre Naturelle,,,,,,,,,,,,,,,,,,,
fiberstone-cube-noir,Cube Fiberstone Noir,"<div style=""text-align: center;"">
<meta charset=""utf-8"">
<h4><span>Comment choisir la bonne taille de pot ?</span></h4>
<img src=""//cdn.shopify.com/s/files/1/1063/7402/files/Choisir_la_bonne_taille_de_poiot_6072726f-dfdb-425a-96f5-7e55aa461009_large.png?12913818830572859085"" alt="""">
<h4><span>La livraison est gratuite</span></h4>
<p>Nous vous contacterons par mail 4 jours avant la livraison afin de vous préciser l'heure de passage.</p>
<h4><span>Fiberstone</span></h4>
<p>Le Fiberstone est obtenu à partir d' un mélange spécifique de fibre de verre et de poudre minérale qui lui donne sa résistance ( U.V, gel), sa légèreté ainsi que son aspect lisse et naturel. Les pots en Fiberstone sont moulés puis finis à la main.</p>
</div>",ParisPousse,Pot,pot,true,Taille,S - 30 x 30 x 30 cm,,,,,"",0,,-4,continue,manual,69.00,,true,true,,https://cdn.shopify.com/s/files/1/1063/7402/products/cube-noir_a88e4e83-98bb-4fc4-a5ab-a293f1aeb15c.jpeg?v=1456433926,Pot Fiberstone Cube,false,Livraison à domicile d'un pot Cube Fiberstone noir,"Plantes et pots design originaux et de qualité à des prix accessibles, directement chez vous.",,,,,,,,,,,,,,https://cdn.shopify.com/s/files/1/1063/7402/products/cube-noir_a88e4e83-98bb-4fc4-a5ab-a293f1aeb15c.jpeg?v=1456433926,kg,
fiberstone-cube-noir,,,,,,,,M - 40 x 40 x 40 cm,,,,,"",0,,0,continue,manual,89.00,,true,true,,https://cdn.shopify.com/s/files/1/1063/7402/products/fleur-de-lune--cube-noir.jpeg?v=1456433926,Pot Fiberstone Cube,,,,,,,,,,,,,,,,,https://cdn.shopify.com/s/files/1/1063/7402/products/cube-noir_a88e4e83-98bb-4fc4-a5ab-a293f1aeb15c.jpeg?v=1456433926,kg,
fiberstone-cube-noir,,,,,,,,L - 50 x 50 x 50 cm,,,,,"",0,,1,continue,manual,139.00,,true,true,,https://cdn.shopify.com/s/files/1/1063/7402/products/palmier-nain--cube-noir.jpeg?v=1456433926,Pot Fiberstone Cube,,,,,,,,,,,,,,,,,https://cdn.shopify.com/s/files/1/1063/7402/products/cube-noir_a88e4e83-98bb-4fc4-a5ab-a293f1aeb15c.jpeg?v=1456433926,kg,
fiberstone-cube-gris,Cube Fiberstone Gris,"<div style=""text-align: center;"">
<meta charset=""utf-8"">
<h4><span>Comment choisir la bonne taille de pot ?</span></h4>
<img src=""//cdn.shopify.com/s/files/1/1063/7402/files/Choisir_la_bonne_taille_de_poiot_6072726f-dfdb-425a-96f5-7e55aa461009_large.png?12913818830572859085"" alt="""">
<h4><span>La livraison est gratuite</span></h4>
<p>Nous vous contacterons par mail 4 jours avant la livraison afin de vous préciser l'heure de passage.</p>
<h4><span>Fiberstone</span></h4>
<p>Le Fiberstone est obtenu à partir d' un mélange spécifique de fibre de verre et de poudre minérale qui lui donne sa résistance ( U.V, gel), sa légèreté ainsi que son aspect lisse et naturel. Les pots en Fiberstone sont moulés puis finis à la main.</p>
</div>",ParisPousse,Pot,pot,true,Taille,S - 30 x 30 x 30 cm,,,,,"",0,,-9,continue,manual,69.00,,true,true,,https://cdn.shopify.com/s/files/1/1063/7402/products/cube-gris_694767f5-d54d-4576-ae57-33381be00d29.jpeg?v=1456433920,Pot Fiberstone Cube,false,Livraison à domicile d'un pot Cube Fiberstone gris,"Plantes et pots design originaux et de qualité à des prix accessibles, directement chez vous.",,,,,,,,,,,,,,https://cdn.shopify.com/s/files/1/1063/7402/products/cube-gris_694767f5-d54d-4576-ae57-33381be00d29.jpeg?v=1456433920,kg,
fiberstone-cube-gris,,,,,,,,M - 40 x 40 x 40 cm,,,,,"",0,,1,continue,manual,89.00,,true,true,,https://cdn.shopify.com/s/files/1/1063/7402/products/fleur-de-lune--cube.jpeg?v=1456433920,Pot Fiberstone Cube,,,,,,,,,,,,,,,,,https://cdn.shopify.com/s/files/1/1063/7402/products/cube-gris_694767f5-d54d-4576-ae57-33381be00d29.jpeg?v=1456433920,kg,
fiberstone-cube-gris,,,,,,,,L - 50 x 50 x 50 cm,,,,,"",0,,1,continue,manual,139.00,,true,true,,https://cdn.shopify.com/s/files/1/1063/7402/products/kentia--cube.jpeg?v=1456433920,Pot Fiberstone Cube,,,,,,,,,,,,,,,,,https://cdn.shopify.com/s/files/1/1063/7402/products/cube-gris_694767f5-d54d-4576-ae57-33381be00d29.jpeg?v=1456433920,kg,
fiberstone-cube-gris,,,,,,,,,,,,,,,,,,,,,,,,https://cdn.shopify.com/s/files/1/1063/7402/products/palmier-nain--cube-gris.jpeg?v=1456433920,Pot Fiberstone Cube,,,,,,,,,,,,,,,,,,,
fiberstone-cube-gris,,,,,,,,,,,,,,,,,,,,,,,,https://cdn.shopify.com/s/files/1/1063/7402/products/catus--cube_2e8d891e-a96d-4876-a31c-792d181bf08b.jpeg?v=1456433920,Pot Fiberstone Cube,,,,,,,,,,,,,,,,,,,
riviera-rond-taupe,Rond Riviera Taupe,"<div style=""text-align: center;"">
<meta charset=""utf-8"">
<h4><span>Comment choisir la bonne taille de pot ?</span></h4>
<img src=""//cdn.shopify.com/s/files/1/1063/7402/files/Choisir_la_bonne_taille_de_poiot_6072726f-dfdb-425a-96f5-7e55aa461009_large.png?12913818830572859085"" alt="""">
<h4><span>La livraison est gratuite</span></h4>
<p>Nous vous contacterons par mail 4 jours avant la livraison afin de vous préciser l'heure de passage.</p>
<h4><span>Riviera - réserve d'eau</span></h4>
<p>Fabriqué en résine de synthèse de haute qualité, le bac “Riviera” ne craint ni soleil, ni gel. Il n’y a pas d’évaporation par les parois poreuses évitant ainsi de refroidir la terre, et de tuer les radicelles. L’hydrosystem RIVIERA permet l’hydratation des plantes par remontée capillaire de l’eau vers la terre. L’humidité reste constante et régulière conformément aux besoins de la plante. Entre l’eau et la plante, une grille toilée munie de grandes alvéoles, laisse passer l’air dont les racines ont besoin. La toile imputrescible maintient le terreau sans risque d’obstruction. Sa texture empêche les racines de traverser la grille et permet un meilleur rempotage. La nature spéciale des fibres de la toile assure la régulation de la vitesse de remontée de l’eau et sa diffusion uniforme dans le terreau (quelle que soit la composition de ce dernier).Un voyant situé sur le côté permet en un clin d’oeil de vérifier le niveau d’eau.Ce système évite tout risque d’inondation au moment du remplissage.En cas d’utilisation extérieure, il faut percer la colonne de trop plein située sous les bacs</p>
<img src=""//cdn.shopify.com/s/files/1/1063/7402/files/Riviera_large.png?2946902858807963042"" alt="""">
</div>",ParisPousse,Pot,pot,true,Taille,S - Ø 31 cm - Hauteur 28 cm,,,,,"",0,,1,continue,manual,59.00,,true,true,,https://cdn.shopify.com/s/files/1/1063/7402/products/rond-taupe_f7a14031-bdc0-4ba5-81ed-c5817dbc7fdf.jpeg?v=1456433916,pot rond riviera,false,Livraison à domicile d'un pot à réserve d'eau Rond et taupe,"Plantes et pots design originaux et de qualité à des prix accessibles, directement chez vous.",,,,,,,,,,,,,,https://cdn.shopify.com/s/files/1/1063/7402/products/rond-taupe_f7a14031-bdc0-4ba5-81ed-c5817dbc7fdf.jpeg?v=1456433916,kg,
riviera-rond-taupe,,,,,,,,M - Ø 36 cm - Hauteur 34 cm,,,,,"",0,,1,continue,manual,79.00,,true,true,,https://cdn.shopify.com/s/files/1/1063/7402/products/riviera-taupe.jpeg?v=1456433916,pot rond riviera,,,,,,,,,,,,,,,,,https://cdn.shopify.com/s/files/1/1063/7402/products/rond-taupe_f7a14031-bdc0-4ba5-81ed-c5817dbc7fdf.jpeg?v=1456433916,kg,
riviera-rond-taupe,,,,,,,,L - Ø 46 cm - Hauteur 45 cm,,,,,"",0,,1,continue,manual,129.00,,true,true,,https://cdn.shopify.com/s/files/1/1063/7402/products/Screenshot_2016-02-26-21-28-47.png?v=1457128156,,,,,,,,,,,,,,,,,,https://cdn.shopify.com/s/files/1/1063/7402/products/rond-taupe_f7a14031-bdc0-4ba5-81ed-c5817dbc7fdf.jpeg?v=1456433916,kg,
riviera-rond-rouge,Rond Riviera Rouge,"<div style=""text-align: center;"">
<meta charset=""utf-8"">
<h4><span>Comment choisir la bonne taille de pot ?</span></h4>
<img src=""//cdn.shopify.com/s/files/1/1063/7402/files/Choisir_la_bonne_taille_de_poiot_6072726f-dfdb-425a-96f5-7e55aa461009_large.png?12913818830572859085"" alt="""">
<h4><span>La livraison est gratuite</span></h4>
<p>Nous vous contacterons par mail 4 jours avant la livraison afin de vous préciser l'heure de passage.</p>
<h4><span>Riviera - réserve d'eau</span></h4>
<p>Fabriqué en résine de synthèse de haute qualité, le bac “Riviera” ne craint ni soleil, ni gel. Il n’y a pas d’évaporation par les parois poreuses évitant ainsi de refroidir la terre, et de tuer les radicelles. L’hydrosystem RIVIERA permet l’hydratation des plantes par remontée capillaire de l’eau vers la terre. L’humidité reste constante et régulière conformément aux besoins de la plante. Entre l’eau et la plante, une grille toilée munie de grandes alvéoles, laisse passer l’air dont les racines ont besoin. La toile imputrescible maintient le terreau sans risque d’obstruction. Sa texture empêche les racines de traverser la grille et permet un meilleur rempotage. La nature spéciale des fibres de la toile assure la régulation de la vitesse de remontée de l’eau et sa diffusion uniforme dans le terreau (quelle que soit la composition de ce dernier).Un voyant situé sur le côté permet en un clin d’oeil de vérifier le niveau d’eau.Ce système évite tout risque d’inondation au moment du remplissage.En cas d’utilisation extérieure, il faut percer la colonne de trop plein située sous les bacs</p>
<img src=""//cdn.shopify.com/s/files/1/1063/7402/files/Riviera_large.png?2946902858807963042"" alt="""">
</div>",ParisPousse,Pot,pot,true,Taille,S - Ø 31 cm - Hauteur 28 cm,,,,,"",0,,0,continue,manual,59.00,,true,true,,https://cdn.shopify.com/s/files/1/1063/7402/products/rond-rouge_0a82faae-1e7b-4907-a3d0-635cee3d868e.jpeg?v=1456433910,pot rond riviera,false,Livraison à domicile d'un pot à réserve d'eau Rond rouge,"Plantes et pots design originaux et de qualité à des prix accessibles, directement chez vous.",,,,,,,,,,,,,,https://cdn.shopify.com/s/files/1/1063/7402/products/rond-rouge_0a82faae-1e7b-4907-a3d0-635cee3d868e.jpeg?v=1456433910,kg,
riviera-rond-rouge,,,,,,,,M - Ø 36 cm - Hauteur 34 cm,,,,,"",0,,1,continue,manual,79.00,,true,true,,https://cdn.shopify.com/s/files/1/1063/7402/products/riviera-rouge.jpeg?v=1456433910,pot rond riviera,,,,,,,,,,,,,,,,,https://cdn.shopify.com/s/files/1/1063/7402/products/rond-rouge_0a82faae-1e7b-4907-a3d0-635cee3d868e.jpeg?v=1456433910,kg,
riviera-rond-rouge,,,,,,,,L - Ø 46 cm - Hauteur 45 cm,,,,,"",0,,1,continue,manual,129.00,,true,true,,https://cdn.shopify.com/s/files/1/1063/7402/products/eucalyptus--rond-rouge.jpeg?v=1456433910,pot rond riviera,,,,,,,,,,,,,,,,,https://cdn.shopify.com/s/files/1/1063/7402/products/rond-rouge_0a82faae-1e7b-4907-a3d0-635cee3d868e.jpeg?v=1456433910,kg,
riviera-rond-rouge,,,,,,,,,,,,,,,,,,,,,,,,https://cdn.shopify.com/s/files/1/1063/7402/products/pied-d_elephant-ou-tahiti-bob--rond.jpeg?v=1456433910,pot rond riviera,,,,,,,,,,,,,,,,,,,
riviera-rond-gris,Rond Riviera Noir,"<div style=""text-align: center;"">
<meta charset=""utf-8"">
<h4><span>Comment choisir la bonne taille de pot ?</span></h4>
<img src=""//cdn.shopify.com/s/files/1/1063/7402/files/Choisir_la_bonne_taille_de_poiot_6072726f-dfdb-425a-96f5-7e55aa461009_large.png?12913818830572859085"" alt="""">
<h4><span>La livraison est gratuite</span></h4>
<p>Nous vous contacterons par mail 4 jours avant la livraison afin de vous préciser l'heure de passage.</p>
<h4><span>Riviera - réserve d'eau</span></h4>
<p>Fabriqué en résine de synthèse de haute qualité, le bac “Riviera” ne craint ni soleil, ni gel. Il n’y a pas d’évaporation par les parois poreuses évitant ainsi de refroidir la terre, et de tuer les radicelles. L’hydrosystem RIVIERA permet l’hydratation des plantes par remontée capillaire de l’eau vers la terre. L’humidité reste constante et régulière conformément aux besoins de la plante. Entre l’eau et la plante, une grille toilée munie de grandes alvéoles, laisse passer l’air dont les racines ont besoin. La toile imputrescible maintient le terreau sans risque d’obstruction. Sa texture empêche les racines de traverser la grille et permet un meilleur rempotage. La nature spéciale des fibres de la toile assure la régulation de la vitesse de remontée de l’eau et sa diffusion uniforme dans le terreau (quelle que soit la composition de ce dernier).Un voyant situé sur le côté permet en un clin d’oeil de vérifier le niveau d’eau.Ce système évite tout risque d’inondation au moment du remplissage.En cas d’utilisation extérieure, il faut percer la colonne de trop plein située sous les bacs</p>
<img src=""//cdn.shopify.com/s/files/1/1063/7402/files/Riviera_large.png?2946902858807963042"" alt="""">
</div>",ParisPousse,Pot,pot,true,Taille,S - Ø 31 cm - Hauteur 28 cm,,,,,"",0,,0,continue,manual,59.00,,true,true,,https://cdn.shopify.com/s/files/1/1063/7402/products/rond-gris_ed2d35ea-509a-4bd5-846d-33bd12f7d5f2.jpeg?v=1456433901,pot rond riviera,false,Livraison à domicile d'un pot à réserve d'eau Rond Noir,"Plantes et pots design originaux et de qualité à des prix accessibles, directement chez vous.",,,,,,,,,,,,,,https://cdn.shopify.com/s/files/1/1063/7402/products/rond-gris_ed2d35ea-509a-4bd5-846d-33bd12f7d5f2.jpeg?v=1456433901,kg,
riviera-rond-gris,,,,,,,,M - Ø 36 cm - Hauteur 34 cm,,,,,"",0,,-2,continue,manual,79.00,,true,true,,https://cdn.shopify.com/s/files/1/1063/7402/products/riviera-noir.jpeg?v=1456433901,pot rond riviera,,,,,,,,,,,,,,,,,https://cdn.shopify.com/s/files/1/1063/7402/products/rond-gris_ed2d35ea-509a-4bd5-846d-33bd12f7d5f2.jpeg?v=1456433901,kg,
riviera-rond-gris,,,,,,,,L - Ø 46 cm - Hauteur 45 cm,,,,,"",0,,1,continue,manual,129.00,,true,true,,https://cdn.shopify.com/s/files/1/1063/7402/products/aloe-vera--rond.jpeg?v=1456433901,pot rond riviera,,,,,,,,,,,,,,,,,https://cdn.shopify.com/s/files/1/1063/7402/products/rond-gris_ed2d35ea-509a-4bd5-846d-33bd12f7d5f2.jpeg?v=1456433901,kg,
riviera-rond-gris,,,,,,,,,,,,,,,,,,,,,,,,https://cdn.shopify.com/s/files/1/1063/7402/products/cycas--rond.jpeg?v=1456433901,pot rond riviera,,,,,,,,,,,,,,,,,,,
riviera-rond-gris,,,,,,,,,,,,,,,,,,,,,,,,https://cdn.shopify.com/s/files/1/1063/7402/products/sanseveria--rond-gris.jpeg?v=1456433901,pot rond riviera,,,,,,,,,,,,,,,,,,,
riviera-rond-gris,,,,,,,,,,,,,,,,,,,,,,,,https://cdn.shopify.com/s/files/1/1063/7402/products/sanseveria--rond-gris2.jpeg?v=1456433901,pot rond riviera,,,,,,,,,,,,,,,,,,,
phormium,Phormium,"<meta charset=""utf-8"">
<p style=""text-align: center;"">Plante très graphique, le Phormium, fier de ses feuilles linéaires, apporte une touche de verticalité à votre balcon ou terrasse. Il est bien connu pour son feuillage aux couleurs éclatantes. Le phormium forme des touffes de grandes feuilles linéaires, carénées, repliées en V à la base.</p>
<p><strong>Nom Latin :</strong><em> Phormium tenax</em></p>
<p><strong>Taille adulte :</strong> 3 m</p>
<p><strong>Exposition :</strong> Soleil et mi-ombre</p>
<p><strong>Arrosage : </strong> Attendre que la terre soit sèche en surface entre deux arrosages</p>
<p><span><strong>Rempotage :</strong> Pour tout achat de plante et de pot, le </span><a href=""https://www.parispousse.fr/pages/rempotage"" target=""_blank"" title=""Rempotage"">rempotage </a>est offert </p>
<p><strong></strong><strong>La livraison est gratuite : </strong>Nous vous contacterons par mail 4 jours avant la livraison afin de vous préciser l'heure de passage.</p>",ParisPousse,Plante d'extérieur,exterieur,true,Taille,S - 60 cm,,,,,"",,,1,continue,manual,39.00,,true,true,,https://cdn.shopify.com/s/files/1/1063/7402/products/phormium_95706e33-e962-4913-87c4-e42c7fe53896.jpeg?v=1455991244,Phormium,false,Livraison à domicile d'un Phormium,"Commandez en ligne et recevez votre plante directement dans votre salon, terrasse ou bureau (pro) - Livraison uniquement dans le 92, le 94 ou Paris.",,,,,,,,,,,,,,,kg,
phormium,,,,,,,,M - 80 cm,,,,,"",,,1,continue,manual,59.00,,true,true,,https://cdn.shopify.com/s/files/1/1063/7402/products/phormium--cylindre-haut_76f13126-b2c1-4895-b670-f31518b0d175.jpeg?v=1455991244,,,,,,,,,,,,,,,,,,,kg,
phormium,,,,,,,,L - 110 cm,,,,,"",,,1,continue,manual,99.00,,true,true,,https://cdn.shopify.com/s/files/1/1063/7402/products/phormium--ravel_f7c5f288-d1cd-494f-9ba9-279a1b664828.jpeg?v=1455991244,,,,,,,,,,,,,,,,,,,kg,
phormium,,,,,,,,,,,,,,,,,,,,,,,,https://cdn.shopify.com/s/files/1/1063/7402/products/phormium--vase-vecchio_0dd4a0a7-7c1d-4991-bb51-17ffb97568b5.jpeg?v=1455991244,,,,,,,,,,,,,,,,,,,,
buis-boule,Buis boule,"<meta charset=""utf-8"">
<p style=""text-align: center;"">Le buis boule donne immédiatement du cachet ainsi qu'un côté typiquement français à votre extérieur. C'est une plante très structurante.</p>
<p><strong>Nom Latin :</strong><em> Buxus sempervirens</em></p>
<p><strong>Taille adulte :</strong> 0,5 m<em></em></p>
<p><strong>Exposition :</strong> Soleil et mi-ombre</p>
<p><strong>Arrosage : </strong> Attendre que la terre soit sèche en surface entre deux arrosages</p>
<meta charset=""utf-8"">
<p><span><strong>Rempotage:</strong> Pour tout achat de plante et de pot, le </span><a href=""https://www.parispousse.fr/pages/rempotage"" target=""_blank"" title=""Rempotage"">rempotage </a>est offert </p>
<p><strong></strong><strong>La livraison est gratuite : </strong>Nous vous contacterons par mail 4 jours avant la livraison afin de vous préciser l'heure de passage.</p>",ParisPousse,Plante d'extérieur,"exterieur, fiberstone-carre-conique-haut-noir, fibertsone-lotus, riviera-carre-conique-gris",true,Taille,S - Ø de la boule 25 cm,,,,,"",,,-1,continue,manual,49.00,,true,true,,https://cdn.shopify.com/s/files/1/1063/7402/products/buis-boule_399bbcb3-af65-4115-a0f7-4adcaba342d5.jpeg?v=1455991279,Buis boule,false,Livraison à domicile d'un Buis boule,"Plantes et pots design originaux et de qualité à des prix accessibles, directement chez vous.",,,,,,,,,,,,,,,kg,
buis-boule,,,,,,,,M - Ø de la boule 35 cm,,,,,"",,,-6,continue,manual,79.00,,true,true,,https://cdn.shopify.com/s/files/1/1063/7402/products/buis-boule--carre-conique-haut-fiberstone_f52d0dbe-cd20-468e-b69a-6a71c1158c9d.jpeg?v=1455991279,,,,,,,,,,,,,,,,,,,kg,
buis-boule,,,,,,,,L - Ø de la boule 40 cm,,,,,"",,,1,continue,manual,99.00,,true,true,,https://cdn.shopify.com/s/files/1/1063/7402/products/buis-boule--carre-conique_682ff802-a487-4f71-b11b-44aab0ea6516.jpeg?v=1455991279,,,,,,,,,,,,,,,,,,,kg,
yucca,Yucca,"<meta charset=""utf-8"">
<p style=""text-align: center;"">Il crée immédiatement une ambiance exotique sur votre balcon terrasse ou même intérieur. Le Yucca est doté d'une tige robuste et de grandes touffes de feuilles lancéolées, d'où émerge une hampe florale spectaculaire.</p>
<p><strong>Nom Latin :</strong><em> Yucca gloriosa</em></p>
<p><strong>Taille adulte</strong><em><strong> :</strong> </em>2 m<em><br></em></p>
<p><strong>Exposition :</strong> Soleil</p>
<p><strong>Arrosage : </strong> Attendre que la terre soit sèche en surface entre deux arrosages</p>
<p><span><strong>Rempotage :</strong> Pour tout achat de plante et de pot, le </span><a href=""https://www.parispousse.fr/pages/rempotage"" target=""_blank"" title=""Rempotage"">rempotage </a>est offert </p>
<p><strong></strong><strong>La livraison est gratuite : </strong>Nous vous contacterons par mail 4 jours avant la livraison afin de vous préciser l'heure de passage.</p>",ParisPousse,Plante d'extérieur,"exterieur, ravel, terre-cylindre-haut, terre-vase-vecchio",true,Taille,S - 70 cm - Ø pot 21 cm,,,,,"",,,1,continue,manual,59.00,,true,true,,https://cdn.shopify.com/s/files/1/1063/7402/products/yucca_fc6428b5-06b8-400c-a2bc-4cc733aee717.jpeg?v=1455991261,Yucca,false,Livraison à domicile d'un Yucca,"Plantes et pots design originaux et de qualité à des prix accessibles, directement chez vous.",,,,,,,,,,,,,,,kg,
yucca,,,,,,,,M - 120 cm - Ø pot  27 cm,,,,,"",,,1,continue,manual,79.00,,true,true,,https://cdn.shopify.com/s/files/1/1063/7402/products/yucca--cylindre-haut_20f16bd0-bb65-45ec-a5fc-ef12f4d7eab2.jpeg?v=1455991261,,,,,,,,,,,,,,,,,,,kg,
yucca,,,,,,,,L - 180 cm - Ø pot  34 cm,,,,,"",,,1,continue,manual,249.00,,true,true,,https://cdn.shopify.com/s/files/1/1063/7402/products/yucca--ravel_0661c087-484a-4751-951a-ab64c56ed6be.jpeg?v=1455991261,,,,,,,,,,,,,,,,,,,kg,
yucca,,,,,,,,,,,,,,,,,,,,,,,,https://cdn.shopify.com/s/files/1/1063/7402/products/yucca--vase-vecchio_21bbade7-c302-42c1-b323-5a05a2219444.jpeg?v=1455991261,,,,,,,,,,,,,,,,,,,,
eucalyptus,Eucalyptus,"<meta charset=""utf-8"">
<p style=""text-align: center;"">La particularité de l'eucalyptus est son feuillage glauque à reflets bleutés, de forme très arrondie. Son écorce se révèle intéressante, elle est lisse avec des taches blanches et s’exfolie en fin d’été.</p>
<p><strong>Nom Latin :</strong><em> Eucalyptus gunii</em></p>
<p><strong>Taille adulte :</strong> 4 m<em></em></p>
<p><strong>Exposition :</strong> Soleil et mi-ombre</p>
<p><strong>Arrosage : </strong> Attendre que la terre soit sèche en surface entre deux arrosages</p>
<p><span><strong>Rempotage:</strong> Pour tout achat de plante et de pot, le </span><a href=""https://www.parispousse.fr/pages/rempotage"" target=""_blank"" title=""Rempotage"">rempotage </a>est offert </p>
<p><strong></strong><strong>La livraison est gratuite : </strong>Nous vous contacterons par mail 4 jours avant la livraison afin de vous préciser l'heure de passage.</p>",ParisPousse,Plante d'extérieur,"exterieur, riviera-rond-rouge, terre-cylindre-haut",true,Taille,S - 140 cm,,,,,"",,,1,continue,manual,49.00,,true,true,,https://cdn.shopify.com/s/files/1/1063/7402/products/eucalyptus_715ea010-486d-405f-848c-582353dd742a.jpeg?v=1455991226,Eucalyptus,false,Livraison à domicile d'un Eucalyptus,"Plantes et pots design originaux et de qualité à des prix accessibles, directement chez vous.",,,,,,,,,,,,,,,kg,
eucalyptus,,,,,,,,M - 175 cm,,,,,"",,,-1,continue,manual,89.00,,true,true,,https://cdn.shopify.com/s/files/1/1063/7402/products/eucalyptus--rond-rouge_4ad265dc-c0f9-47f4-98c2-f0434d372e76.jpeg?v=1455991225,,,,,,,,,,,,,,,,,,,kg,
eucalyptus,,,,,,,,L - 225 cm,,,,,"",,,1,continue,manual,159.00,,true,true,,https://cdn.shopify.com/s/files/1/1063/7402/products/eucalyptus_fdf3edc7-a35b-47ea-b03b-f25c1284aea7.jpeg?v=1455991226,,,,,,,,,,,,,,,,,,,kg,
palmier-a-chanvre,Palmier à chanvre,"<meta charset=""utf-8"">
<p style=""text-align: center;"">C'est le palmier qui résiste le mieux au froid et donc à notre climat parisien. Il est doté d'un beau stipe solitaire et une couronne bien fournie de grandes feuilles palmées.</p>
<p><strong>Nom Latin :</strong><em> Trachycarpus fortunei</em></p>
<p><strong>Taille adulte :</strong> 3 m<em></em></p>
<p><strong>Exposition :</strong> Soleil</p>
<p><strong>Arrosage : </strong> Attendre que la terre soit sèche en surface entre deux arrosages</p>
<p><span><strong>Rempotage: </strong> Pour tout achat de plante et de pot, le </span><a href=""https://www.parispousse.fr/pages/rempotage"" target=""_blank"" title=""Rempotage"">rempotage </a>est offert </p>
<p><strong></strong><strong>La livraison est gratuite : </strong>Nous vous contacterons par mail 4 jours avant la livraison afin de vous préciser l'heure de passage.</p>",ParisPousse,Plante d'extérieur,"exterieur, ravel, riviera-rond-taupe, terre-cylindre-haut",true,Taille,S - 70 cm - Ø pot 20 cm,,,,,"",,,1,continue,manual,49.00,,true,true,,https://cdn.shopify.com/s/files/1/1063/7402/products/palmier-a-chanvre_cd5f9c2b-44c3-485d-ad42-ddb05e0f1038.jpeg?v=1457182785,Palmier à chanvre,false,Livraison à domicile d'un Palmier à chanvre,"Plantes et pots design originaux et de qualité à des prix accessibles, directement chez vous.",,,,,,,,,,,,,,,kg,
palmier-a-chanvre,,,,,,,,M - 80 cm - Ø pot 26 cm,,,,,"",,,1,continue,manual,89.00,,true,true,,https://cdn.shopify.com/s/files/1/1063/7402/products/palmier-a-chanvre--cylindre-haut_c775c6c6-afb9-4bd5-b65c-911f0da302c7.jpeg?v=1457182785,,,,,,,,,,,,,,,,,,,kg,
palmier-a-chanvre,,,,,,,,L - 160 cm - Ø pot 42 cm,,,,,"",,,1,continue,manual,169.00,,true,true,,https://cdn.shopify.com/s/files/1/1063/7402/products/palmier-a-chanvre--ravel2_1d1871d6-cecf-46de-b2da-2afa3fbcf1b6.jpeg?v=1457182785,,,,,,,,,,,,,,,,,,,kg,
palmier-nain,Palmier nain,"<meta charset=""utf-8"">
<p style=""text-align: center;"">C'est un palmier de petite taille, idéal pour les espaces réduits : petites terrasses, balcons. Le Chamaerops est une plante cespiteuse ; plusieurs tiges sont générées par le même pied.</p>
<p><strong>Nom Latin :</strong><em> Chamaerops humilis</em></p>
<p><strong>Taille adulte : </strong>2 m<strong><br></strong></p>
<p><strong>Exposition :</strong> Soleil</p>
<p><strong>Arrosage : </strong> Attendre que la terre soit sèche en surface entre deux arrosages</p>
<p><span><strong>Rempotage :</strong> Pour tout achat de plante et de pot, le </span><a href=""https://www.parispousse.fr/pages/rempotage"" target=""_blank"" title=""Rempotage"">rempotage </a>est offert </p>
<p><strong></strong><strong>La livraison est gratuite : </strong>Nous vous contacterons par mail 4 jours avant la livraison afin de vous préciser l'heure de passage.</p>",ParisPousse,Plante d'extérieur,"exterieur, fiberstone-cube-gris, fiberstone-cylindre-noir, ravel",true,Taille,S - 80 cm - Ø pot 22 cm,,,,,"",,,-1,continue,manual,59.00,,true,true,,https://cdn.shopify.com/s/files/1/1063/7402/products/palmier-nain_443bb45b-2d62-499d-9ef9-a59118eee017.jpeg?v=1455991185,Palmier nain,false,Livraison à domicile d'un palmier nain. Chamaerops humilis,"Plantes et pots design originaux et de qualité à des prix accessibles, directement chez vous.",,,,,,,,,,,,,,,kg,
palmier-nain,,,,,,,,M - 120 cm - Ø pot 30 cm,,,,,"",,,1,continue,manual,99.00,,true,true,,https://cdn.shopify.com/s/files/1/1063/7402/products/palmier-nain--cube-gris_9afdbf71-a00a-4045-a2c7-8c29052fbde9.jpeg?v=1455991184,,,,,,,,,,,,,,,,,,,kg,
palmier-nain,,,,,,,,L - 140 cm - Ø pot 45 cm,,,,,"",,,1,continue,manual,249.00,,true,true,,https://cdn.shopify.com/s/files/1/1063/7402/products/palmier-nain--cube-noir_2781370f-a1c9-4db2-9927-54a27bf3385b.jpeg?v=1455991184,,,,,,,,,,,,,,,,,,,kg,
palmier-nain,,,,,,,,,,,,,,,,,,,,,,,,https://cdn.shopify.com/s/files/1/1063/7402/products/palmier-nain--cylindre-noir_5785bc73-b890-4acd-ae46-941c53a1bd00.jpeg?v=1455991184,,,,,,,,,,,,,,,,,,,,
palmier-nain,,,,,,,,,,,,,,,,,,,,,,,,https://cdn.shopify.com/s/files/1/1063/7402/products/palmier-nain--ravel_e489e274-cf91-4707-b2ac-21e01796481d.jpeg?v=1455991184,,,,,,,,,,,,,,,,,,,,
palmier-nain,,,,,,,,,,,,,,,,,,,,,,,,https://cdn.shopify.com/s/files/1/1063/7402/products/palmier-nain_d7ae56c4-d32b-4f1e-8fb3-9b014d99e7bf.jpeg?v=1455991184,,,,,,,,,,,,,,,,,,,,
olivier,Olivier,"<meta charset=""utf-8"">
<p style=""text-align: center;"">Symbole de longévité, l’olivier est avant tout un arbre fruitier qui produit des olives. Des fruits verts puis noirs qui arrivent à maturité à l'automne. L'olivier est un arbre très résistant au froid ce qui lui a permis de largement se populariser autour de Paris, depuis quelques années.</p>
<p><strong>Nom Latin :</strong><em> Olea europea</em></p>
<p><strong>Taille adulte :</strong> 3 m<strong> </strong></p>
<p><strong>Exposition :</strong> Soleil et mi-ombre</p>
<p><strong>Arrosage : </strong> Attendre que la terre soit sèche en surface entre deux arrosages</p>
<p><span><strong>Rempotage:</strong> Pour tout achat de plante et de pot, le </span><a href=""https://www.parispousse.fr/pages/rempotage"" target=""_blank"" title=""Rempotage"">rempotage </a>est offert </p>
<p><strong></strong><strong>La livraison est gratuite : </strong>Nous vous contacterons par mail 4 jours avant la livraison afin de vous préciser l'heure de passage.</p>",ParisPousse,Plante d'extérieur,"exterieur, riviera-carre-conique-haut-gris, riviera-carre-conique-rouge, terre-cylindre-haut",true,Taille,S - 90 cm - Ø pot 20 cm,,,,,"",,,-3,continue,manual,49.00,,true,true,,https://cdn.shopify.com/s/files/1/1063/7402/products/olivier_45748178-b10d-49b8-8968-793b2b3fb0a4.jpeg?v=1455991159,Olivier,false,Livraison à domicile d'un Olivier sur tige. Olea europea,"Plantes et pots design originaux et de qualité à des prix accessibles, directement chez vous.",,,,,,,,,,,,,,,kg,
olivier,,,,,,,,M - 140 cm - Ø pot 24 cm,,,,,"",,,0,continue,manual,89.00,,true,true,,https://cdn.shopify.com/s/files/1/1063/7402/products/olivier--carre-conique-haut-riviera_6414429a-65b7-4626-b628-024343817c1a.jpeg?v=1455991159,,,,,,,,,,,,,,,,,,,kg,
olivier,,,,,,,,L - 170 cm - Ø pot 33 cm,,,,,"",,,0,continue,manual,159.00,,true,true,,https://cdn.shopify.com/s/files/1/1063/7402/products/olivier--carre-conique_e485bd26-3f1f-4390-9d63-c9e3f0dd8d22.jpeg?v=1455991159,,,,,,,,,,,,,,,,,,,kg,
olivier,,,,,,,,,,,,,,,,,,,,,,,,https://cdn.shopify.com/s/files/1/1063/7402/products/olivier--cylindre-haut_330b0663-5fe4-46e5-b394-a651cdeb67f6.jpeg?v=1455991159,,,,,,,,,,,,,,,,,,,,
cactus,Cactus,"<meta charset=""utf-8""><meta charset=""utf-8"">
<div style=""text-align: center;"">Le cactus le plus utilisé et apprécié en intérieur, donnant immédiatement un charme supplémentaire à votre intérieur par sa singularité. C'est une plante succulente qui possède des tiges globuleuse colonnaires à angles distincts.</div>
<div style=""text-align: left;""><strong></strong></div>
<div style=""text-align: left;"">
<strong>Nom Latin :</strong><em> Euphorbia</em>
</div>
<div style=""text-align: left;""><em></em></div>
<div style=""text-align: left;""><em></em></div>
<div style=""text-align: left;""><em></em></div>
<div style=""text-align: left;""><em></em></div>
<div style=""text-align: left;""><em></em></div>
<div style=""text-align: left;"">
<p><strong>Taille adulte :</strong> 2,5 m<em><br></em></p>
</div>
<p><strong>Exposition :</strong> Mi-ombre</p>
<p><strong>Arrosage : </strong> Attendre que la terre soit sèche en surface entre deux arrosages</p>
<p><span><strong>Rempotage :</strong> Pour tout achat de plante et de pot, le </span><a href=""https://www.parispousse.fr/pages/rempotage"" target=""_blank"" title=""Rempotage"">rempotage </a>est offert </p>
<p><strong></strong><strong>La livraison est gratuite : </strong>Nous vous contacterons par mail 4 jours avant la livraison afin de vous préciser l'heure de passage.</p>",ParisPousse,Plante d'intérieur,"fiberstone-cube-gris, interieur, riviera-carre-conique-haut-rouge, terre-vase-vecchio",true,Taille,S - 70 cm - Ø pot 19 cm,,,,,"",,,-51,continue,manual,65.00,,true,true,,https://cdn.shopify.com/s/files/1/1063/7402/products/cactus_e4cee2cc-9912-48f4-8a59-47bd22afd212.jpeg?v=1461488510,Cactus,false,Livraison à domicile d'un Cactus,"Plantes et pots design originaux et de qualité à des prix accessibles, directement chez vous.",,,,,,,,,,,,,,,kg,
cactus,,,,,,,,M - 130 cm - Ø pot 27 cm,,,,,"",,,-22,continue,manual,139.00,,true,true,,https://cdn.shopify.com/s/files/1/1063/7402/products/cactus--vase-vecchio_d5582b0d-008b-41a3-be5b-bb9fb1679eb2.jpeg?v=1461488510,,,,,,,,,,,,,,,,,,,kg,
cactus,,,,,,,,L - 230 cm - Ø pot 45 cm,,,,,"",,,-1,continue,manual,469.00,,true,true,,https://cdn.shopify.com/s/files/1/1063/7402/products/catus_cube_gris.jpg?v=1461488510,,,,,,,,,,,,,,,,,,,kg,
cactus,,,,,,,,,,,,,,,,,,,,,,,,https://cdn.shopify.com/s/files/1/1063/7402/products/cactus--carre-conique-haut-riviera_a4430fea-e4b0-45a8-9b65-67eb7ce7de06.jpeg?v=1461488510,,,,,,,,,,,,,,,,,,,,
phoenix,Palmier d'appartement,"<meta charset=""utf-8"">
<p style=""text-align: center;"">Le phoenix est considéré comme le palmier qui s'adapte le mieux aux conditions d’intérieur. Le tronc est trapu, presque bulbeux ; son feuillage est fin et léger.</p>
<p><strong>Nom Latin :</strong><em> Phoenix roebellinii</em></p>
<p><strong>Taille adulte :</strong> 1,5 m<em></em></p>
<p><strong>Exposition :</strong> Lumière vive et mi-ombre</p>
<p><strong>Arrosage : </strong> Attendre que la terre soit sèche en surface entre deux arrosages</p>
<p><span><strong>Rempotage :</strong> Pour tout achat de plante et de pot, le </span><a href=""https://www.parispousse.fr/pages/rempotage"" target=""_blank"" title=""Rempotage"">rempotage </a>est offert </p>
<p><strong></strong><strong>La livraison est gratuite : </strong>Nous vous contacterons par mail 4 jours avant la livraison afin de vous préciser l'heure de passage.</p>",ParisPousse,Plante d'intérieur,"interieur, ravel",true,Taille,S - 60 cm - Ø pot 21 cm,,,,,"",0,shopify,-2,deny,manual,59.00,,true,true,"",https://cdn.shopify.com/s/files/1/1063/7402/products/palmier-d_appartement_c21ea1ea-ef48-4c2c-aef9-8126371273b3.jpeg?v=1455991129,Phoenix,false,Livraison à domicile d'un palmier d'appartement. Phoenix robelenii,"Plantes et pots design originaux et de qualité à des prix accessibles, directement chez vous.",,,,,,,,,,,,,,,kg,
phoenix,,,,,,,,M - 130 cm - Ø pot 27 cm,,,,,"",,shopify,0,deny,manual,119.00,,true,true,,https://cdn.shopify.com/s/files/1/1063/7402/products/phoenix--ravel_de57c604-2ce2-4efe-ae75-8a5dc74b1b47.jpeg?v=1455991129,,,,,,,,,,,,,,,,,,,kg,
phoenix,,,,,,,,L - 200 cm - Ø pot 34 cm,,,,,"",,shopify,0,deny,manual,249.00,,true,true,,https://cdn.shopify.com/s/files/1/1063/7402/products/phoenix_fa6b7f60-8142-4d7c-b20e-226790dd6db0.jpeg?v=1455991129,,,,,,,,,,,,,,,,,,,kg,
phoenix,,,,,,,,,,,,,,,,,,,,,,,,https://cdn.shopify.com/s/files/1/1063/7402/products/phoenix2_698a7a29-be03-47e6-9f7f-1a320d5852ae.jpeg?v=1455991129,,,,,,,,,,,,,,,,,,,,
fleur-de-lune,Fleur de Lune,"<meta charset=""utf-8"">
<p style=""text-align: center;"">Cette plante présente un magnifique feuillage vert brillant d'où s'échappent des inflorescences très originales, blanches parfois teintées de vert ou de crème.</p>
<p><strong>Nom Latin :</strong><em> Spathyphillum</em></p>
<p><strong>Taille adulte :</strong> 0,8 m<em></em></p>
<p><strong>Exposition :</strong> Mi-ombre, sans soleil direct</p>
<p><strong>Arrosage : </strong> Attendre que la terre soit sèche en surface entre deux arrosages</p>
<p><span><strong>Rempotage :</strong> Pour tout achat de plante et de pot, le </span><a href=""https://www.parispousse.fr/pages/rempotage"" target=""_blank"" title=""Rempotage"">rempotage </a>est offert </p>
<p><strong></strong><strong>La livraison est gratuite : </strong>Nous vous contacterons par mail 4 jours avant la livraison afin de vous préciser l'heure de passage.</p>",ParisPousse,Plante d'intérieur,"fiberstone-cube-gris, fiberstone-cube-noir, fiberstone-cylindre-noir, interieur",true,Taille,S - 30 cm - Ø pot 14 cm,,,,,"",,,-6,continue,manual,24.00,,true,true,,https://cdn.shopify.com/s/files/1/1063/7402/products/fleur-de-lune_eebb8e6b-ed13-4cb0-a470-b389fad36551.jpeg?v=1455991112,Fleur de Lune,false,Livraison à domicile d'une Fleur de Lune Spathyphillum,"Plantes et pots design originaux et de qualité à des prix accessibles, directement chez vous.",,,,,,,,,,,,,,,kg,
fleur-de-lune,,,,,,,,M - 40 cm - Ø pot 17 cm,,,,,"",,,0,continue,manual,29.00,,true,true,,https://cdn.shopify.com/s/files/1/1063/7402/products/fleur-de-lune--cube-noir_36b81c1b-79c7-4764-8be7-43da1a34e1ca.jpeg?v=1455991112,,,,,,,,,,,,,,,,,,,kg,
fleur-de-lune,,,,,,,,L - 70 cm - Ø pot  21 cm,,,,,"",,,0,continue,manual,39.00,,true,true,,https://cdn.shopify.com/s/files/1/1063/7402/products/fleur-de-lune--cube_214ad915-6f5a-4b7f-93ed-37e219ca68ed.jpeg?v=1455991112,,,,,,,,,,,,,,,,,,,kg,
fleur-de-lune,,,,,,,,,,,,,,,,,,,,,,,,https://cdn.shopify.com/s/files/1/1063/7402/products/fleur-de-lune--cylindre_c3c164bd-94c8-4e6f-aba7-1251b1ffdef2.jpeg?v=1455991112,,,,,,,,,,,,,,,,,,,,
fleur-de-lune,,,,,,,,,,,,,,,,,,,,,,,,https://cdn.shopify.com/s/files/1/1063/7402/products/fleur-de-lune_5caacb63-c703-4320-ab3d-f97f11b6216b.jpeg?v=1455991112,,,,,,,,,,,,,,,,,,,,
cycas-du-japon,Cycas du Japon,"<meta charset=""utf-8"">
<p style=""text-align: center;"">Semblable à un palmier nain, il est situé entre la fougère et le palmier. Son feuillage vert foncé est disposé en rosette.</p>
<p><strong>Nom Latin :</strong><em> Cycas revoluta</em></p>
<p><strong>Taille adulte :</strong> 2 m<em></em></p>
<p><strong>Exposition :</strong> Lumière vive</p>
<p><strong>Arrosage : </strong> Attendre que la terre soit sèche en surface entre deux arrosages</p>
<p><span><strong>Rempotage :</strong> Pour tout achat de plante et de pot, le </span><a href=""https://www.parispousse.fr/pages/rempotage"" target=""_blank"" title=""Rempotage"">rempotage </a>est offert </p>
<p><strong></strong><strong>La livraison est gratuite : </strong>Nous vous contacterons par mail 4 jours avant la livraison afin de vous préciser l'heure de passage.</p>",ParisPousse,Plante d'intérieur,"fiberstone-cylindre-noir, interieur, riviera-carre-conique-haut-rouge, riviera-rond-rouge",true,Taille,S - 40 cm - Ø pot 12 cm,,,,,"",,shopify,3,deny,manual,49.00,,true,true,,https://cdn.shopify.com/s/files/1/1063/7402/products/cycas-du-japon_a4393fc9-96e1-461c-93d7-3cb5d64b5e29.jpeg?v=1458468368,Cycas du Japon,false,Livraison à domicile d'un Cycas du Japon,"Plantes et pots design originaux et de qualité à des prix accessibles, directement chez vous.",,,,,,,,,,,,,,,kg,
cycas-du-japon,,,,,,,,M - 50 cm - Ø pot 28 cm,,,,,"",,shopify,3,deny,manual,119.00,,true,true,,https://cdn.shopify.com/s/files/1/1063/7402/products/cycas-du-japon--cylindre_668ce2f2-5122-4060-a08e-fafed54270ba.jpeg?v=1458468368,,,,,,,,,,,,,,,,,,,kg,
cycas-du-japon,,,,,,,,L - 70 cm - Ø pot 35 cm,,,,,"",,shopify,3,deny,manual,169.00,,true,true,,https://cdn.shopify.com/s/files/1/1063/7402/products/cycas-du-japon--carre-conique-haut-riviera_ce2c3817-0494-4acc-a17e-f61ee47c8200.jpeg?v=1458468368,,,,,,,,,,,,,,,,,,,kg,
cycas-du-japon,,,,,,,,,,,,,,,,,,,,,,,,https://cdn.shopify.com/s/files/1/1063/7402/products/cycas--rond_20852cd0-e934-4990-bf00-cb8234bc5853.jpeg?v=1458468368,,,,,,,,,,,,,,,,,,,,
kentia,Kentia,"<meta charset=""utf-8"">
<p style=""text-align: center;"">Palmier formant un bouquet de feuilles arquées. Ses longues feuilles d'un vert intense sont particulièrement élégantes et lumineuses. Il possède des capacités dépolluantes.</p>
<p><strong>Nom Latin :</strong><em> Kentia</em></p>
<p><strong>Taille adulte :</strong> 2,5 m<em></em></p>
<p><strong>Exposition :</strong> Lumière vive et mi-ombre</p>
<p><strong>Arrosage : </strong> Attendre que la terre soit sèche en surface entre deux arrosages</p>
<p><span><strong>Rempotage :</strong> Pour tout achat de plante et de pot, le </span><a href=""https://www.parispousse.fr/pages/rempotage"" target=""_blank"" title=""Rempotage"">rempotage </a>est offert </p>
<p><strong></strong><strong>La livraison est gratuite : </strong>Nous vous contacterons par mail 4 jours avant la livraison afin de vous préciser l'heure de passage.</p>",ParisPousse,Plante d'intérieur,"fiberstone-cube-gris, fiberstone-cylindre-noir, fibertsone-lotus, interieur",true,Taille,S - 120 cm - Ø pot 20 cm,,,,,"",,,-10,continue,manual,59.00,,true,true,,https://cdn.shopify.com/s/files/1/1063/7402/products/kentia_425222ef-5d9a-48e4-b237-1d051a6a6e8a.jpeg?v=1455991076,Kentia,false,Livraison à domicile d'un Kentia,"Plantes et pots design originaux et de qualité à des prix accessibles, directement chez vous.",,,,,,,,,,,,,,,kg,
kentia,,,,,,,,M - 170 cm - Ø pot 24 cm,,,,,"",,,0,continue,manual,129.00,,true,true,,https://cdn.shopify.com/s/files/1/1063/7402/products/kentia--cube_16f6e38f-15c4-46fe-8071-c914f1db0641.jpeg?v=1455991076,,,,,,,,,,,,,,,,,,,kg,
kentia,,,,,,,,L - 210 cm - Ø pot 30 cm,,,,,"",,,1,continue,manual,189.00,,true,true,,https://cdn.shopify.com/s/files/1/1063/7402/products/kentia--cylindre_0ee1d947-863a-4a69-b614-056895fef6d6.jpeg?v=1455991076,,,,,,,,,,,,,,,,,,,kg,
zamioculcas,Zamioculcas,"<meta charset=""utf-8"">
<p style=""text-align: center;"">Plante tropicale originaire de Zanzibar et particulièrement robuste et peu exigeant. ll possède des belles feuilles charnues.</p>
<p><strong>Nom Latin :</strong><em> Zamioculcas zamiifolia</em></p>
<p><strong>Taille adulte</strong><em><strong> :</strong> </em>1,2 m<em><br></em></p>
<p><strong>Exposition :</strong> Lumière vive et mi-ombre</p>
<p><strong>Arrosage : </strong> Attendre que la terre soit sèche en surface entre deux arrosages</p>
<p><span><strong>Rempotage :</strong> Pour tout achat de plante et de pot, le </span><a href=""https://www.parispousse.fr/pages/rempotage"" target=""_blank"" title=""Rempotage"">rempotage </a>est offert </p>
<p><strong></strong><strong>La livraison est gratuite : </strong>Nous vous contacterons par mail 4 jours avant la livraison afin de vous préciser l'heure de passage.</p>",ParisPousse,Plante d'intérieur,"interieur, ravel, terre-vase-vecchio",true,Taille,S - 60 cm - Ø pot 17 cm,,,,,"",,,0,continue,manual,49.00,,true,true,,https://cdn.shopify.com/s/files/1/1063/7402/products/zamioculcas_d419d906-856f-4eac-9c00-9e2ede9340b9.jpeg?v=1455991062,Zamioculcas,false,Livraison à domicile d'un Zamioculcas,"Plantes et pots design originaux et de qualité à des prix accessibles, directement chez vous.",,,,,,,,,,,,,,,kg,
zamioculcas,,,,,,,,M - 100 cm - Ø pot 21 cm,,,,,"",,,0,continue,manual,79.00,,true,true,,https://cdn.shopify.com/s/files/1/1063/7402/products/zamioculcas--vase-vecchio_f276ff8c-8d1a-4f6b-8189-687eeb8809d7.jpeg?v=1455991062,,,,,,,,,,,,,,,,,,,kg,
zamioculcas,,,,,,,,L - 120 cm - Ø pot 37 cm,,,,,"",,,0,continue,manual,99.00,,true,true,,,,,,,,,,,,,,,,,,,,,kg,
pied-delephant-ou-tahiti-bob,Pied d'Elephant ou Tahiti Bob,"<meta charset=""utf-8"">
<p style=""text-align: center;"">Son principal attrait vient de sa base renflée à texture liégeuse et crevassée, d'où le nom pied d'éléphant. Ce tronc est surmonté d'une rosette de longues feuilles linéaires, rubanées et retombantes.</p>
<p><strong>Nom Latin :</strong><em> Nolina/beaucarnea recurvata</em></p>
<p><strong>Taille adulte : </strong>1,5 m<strong><br></strong></p>
<p><strong>Exposition :</strong> Lumière vive</p>
<p><strong>Arrosage : </strong> Attendre que la terre soit sèche en surface entre deux arrosages</p>
<p><span><strong>Rempotage :</strong> Pour tout achat de plante et de pot, le </span><a href=""https://www.parispousse.fr/pages/rempotage"" target=""_blank"" title=""Rempotage"">rempotage </a>est offert </p>
<p><strong></strong><strong>La livraison est gratuite : </strong>Nous vous contacterons par mail 4 jours avant la livraison afin de vous préciser l'heure de passage.</p>",ParisPousse,Plante d'intérieur,"fibertsone-lotus, interieur, riviera-rond-rouge, terre-vase-vecchio",true,Taille,S - 20 cm - Ø pot 17 cm,,,,,"",,,-1,continue,manual,49.00,,true,true,,https://cdn.shopify.com/s/files/1/1063/7402/products/pied-d_elephant-ou-tahiti-bob_bbfb242d-eb0b-48ac-b877-44c50bac65f6.jpeg?v=1455991053,Pied d'Elephant ou Tahiti Bob,false,Livraison à domicile d'un Pied d'Elephant. Beaucarnea,"Plantes et pots design originaux et de qualité à des prix accessibles, directement chez vous.",,,,,,,,,,,,,,,kg,
pied-delephant-ou-tahiti-bob,,,,,,,,M - 50 cm - Ø pot 20 cm,,,,,"",,,1,continue,manual,79.00,,true,true,,https://cdn.shopify.com/s/files/1/1063/7402/products/pied-d_elephant-ou-tahiti-bob--rond_67aaaf1d-0b95-4f22-94fa-e8754246f9d5.jpeg?v=1456762274,,,,,,,,,,,,,,,,,,,kg,
pied-delephant-ou-tahiti-bob,,,,,,,,L - 80 cm - Ø pot 30 cm,,,,,"",,,1,continue,manual,109.00,,true,true,,https://cdn.shopify.com/s/files/1/1063/7402/products/pied-d_elephant-ou-tahiti-bob--vase-vecchio_3c830650-3f20-4af0-900d-4c521de9e363.jpeg?v=1456762274,,,,,,,,,,,,,,,,,,,kg,
sanseveria-mikado,Sanseveria Mikado,"<meta charset=""utf-8"">
<p style=""text-align: center;"">Il s’agit une plante succulente originaire d’Afrique Tropicale. Sa forme est totalement singulière. Ne taillez pas les pointes piquantes qu’elle présente, auquel cas sa croissance stoppera.</p>
<p><strong>Nom Latin :</strong><em> Sanseveria cylindrica</em></p>
<p><strong>Taille adulte :</strong> 0,8 m<em><br></em></p>
<p><strong>Exposition :</strong> Lumière vive</p>
<p><strong>Arrosage : </strong> Attendre que la terre soit sèche en surface entre deux arrosages</p>
<p><span><strong>Rempotage:</strong> Pour tout achat de plante et de pot, le </span><a href=""https://www.parispousse.fr/pages/rempotage"" target=""_blank"" title=""Rempotage"">rempotage </a>est offert </p>
<p><strong></strong><strong>La livraison est gratuite : </strong>Nous vous contacterons par mail 4 jours avant la livraison afin de vous préciser l'heure de passage.</p>",ParisPousse,Plante d'intérieur,"fiberstone-cylindre-noir, interieur, riviera-carre-conique-haut-taupe",true,Taille,S - 40 cm - Ø pot 13 cm,,,,,"",,,0,continue,manual,39.00,,true,true,,https://cdn.shopify.com/s/files/1/1063/7402/products/sanseveria-mikado_eea224e8-6198-4a8c-b27d-9b4063da047d.jpeg?v=1455991039,Sanseveria Mikado,false,Livraison à domicile d'un Sanseveria Mikado,"Plantes et pots design originaux et de qualité à des prix accessibles, directement chez vous.",,,,,,,,,,,,,,,kg,
sanseveria-mikado,,,,,,,,M - 70 cm - Ø pot 19 cm,,,,,"",,,1,continue,manual,69.00,,true,true,,https://cdn.shopify.com/s/files/1/1063/7402/products/sanseveria-mikado--carre-conique-haut-fiberstone_9271ed24-e3aa-44ba-b123-3f202f68ec71.jpeg?v=1455991039,,,,,,,,,,,,,,,,,,,kg,
sanseveria-mikado,,,,,,,,L - 80 cm - Ø pot 27 cm,,,,,"",,,1,continue,manual,109.00,,true,true,,https://cdn.shopify.com/s/files/1/1063/7402/products/sanseveria-mikado--cylindre_7aecc720-f91d-46be-b39b-14af3ff511ed.jpeg?v=1455991039,,,,,,,,,,,,,,,,,,,kg,
sanseveria-mikado,,,,,,,,,,,,,,,,,,,,,,,,https://cdn.shopify.com/s/files/1/1063/7402/products/sanseveria_trif_rivier_rond_gris.jpg?v=1457127729,,,,,,,,,,,,,,,,,,,,
sanseveria,Sanseveria,"<meta charset=""utf-8"">
<p style=""text-align: center;"">Le Sansevieria trifasciata est une espèce subtropicale de plante succulente. Il est appréciée pour son feuillage décoratif, en touffe, strié de vert, et ne nécessitant que très peu de soins.</p>
<p><strong>Nom Latin :</strong><em> Sanseveria trifasciata</em></p>
<p><strong>Taille adulte : </strong>1,5 m<strong><br></strong></p>
<p><strong>Exposition :</strong> Lumière vive</p>
<p><strong>Arrosage : </strong> Attendre que la terre soit sèche en surface entre deux arrosages</p>
<p><span><strong>Rempotage :</strong> Pour tout achat de plante et de pot, le </span><a href=""https://www.parispousse.fr/pages/rempotage"" target=""_blank"" title=""Rempotage"">rempotage </a>est offert </p>
<p><strong></strong><strong>La livraison est gratuite : </strong>Nous vous contacterons par mail 4 jours avant la livraison afin de vous préciser l'heure de passage.</p>",ParisPousse,Plante d'intérieur,"fiberstone-carre-conique-haut-noir, fiberstone-cylindre-noir, interieur, riviera-rond-gris",true,Taille,S - 30 cm - Ø pot 17 cm,,,,,"",,,-2,continue,manual,39.00,,true,true,,https://cdn.shopify.com/s/files/1/1063/7402/products/sanseveria_2cbc81cc-61c0-4ec8-913a-6681db291dbf.jpeg?v=1457127629,Sanseveria,false,Livraison à domicile d'un Sanseveria,"Plantes et pots design originaux et de qualité à des prix accessibles, directement chez vous.",,,,,,,,,,,,,,,kg,
sanseveria,,,,,,,,M - 40 cm - Ø pot 21 cm,,,,,"",,,0,continue,manual,69.00,,true,true,,https://cdn.shopify.com/s/files/1/1063/7402/products/sanseveria--cylindre-gris_19e3806c-f4c8-4cfc-b56c-0b94f46d8f9f.jpeg?v=1457127629,,,,,,,,,,,,,,,,,,,kg,
sanseveria,,,,,,,,L - 70 cm - Ø pot 23 cm,,,,,"",,,1,continue,manual,149.00,,true,true,,https://cdn.shopify.com/s/files/1/1063/7402/products/sanseveria--cylindre-noir_209ed4f5-c1df-449c-b1d4-99ffd2c0b6eb.jpeg?v=1457127629,,,,,,,,,,,,,,,,,,,kg,
sanseveria,,,,,,,,,,,,,,,,,,,,,,,,https://cdn.shopify.com/s/files/1/1063/7402/products/sanseveria--carre-conique-haut-fiberstone_f682ba76-59c5-40d9-a5d9-1a4a4e62dfd3.jpeg?v=1457127629,,,,,,,,,,,,,,,,,,,,
sanseveria,,,,,,,,,,,,,,,,,,,,,,,,https://cdn.shopify.com/s/files/1/1063/7402/products/sanseveria--rond-gris2_c72687cb-3fc6-4dd2-a2c8-5c31dab95a15.jpeg?v=1457127629,,,,,,,,,,,,,,,,,,,,
philodendron,Philodendron,"<meta charset=""utf-8"">
<p style=""text-align: center;"">Ses grandes feuilles trouées, d'un vert intense et brillant en font une plante au style exotique et au feuillage unique. C'est une grimpante a croissance rapide qui a des vertus dépolluantes.</p>
<p><strong>Nom Latin :</strong><em> Philodendron deliciosa</em></p>
<p><strong>Taille adulte :</strong> 2,5 m<strong> </strong></p>
<p><strong>Exposition :</strong> Lumière vive</p>
<p><strong>Arrosage : </strong> Attendre que la terre soit sèche en surface entre deux arrosages</p>
<p><span><strong>Rempotage :</strong> Pour tout achat de plante et de pot, le </span><a href=""https://www.parispousse.fr/pages/rempotage"" target=""_blank"" title=""Rempotage"">rempotage </a>est offert </p>
<p><strong></strong><strong>La livraison est gratuite : </strong>Nous vous contacterons par mail 4 jours avant la livraison afin de vous préciser l'heure de passage.</p>",ParisPousse,Plante d'intérieur,"fibertsone-lotus, interieur, ravel",true,Taille,S - 80 cm - Ø pot 21 cm,,,,,"",0,,-3,continue,manual,79.00,,true,true,"",https://cdn.shopify.com/s/files/1/1063/7402/products/philodendron_e3e99052-1389-47f1-96a4-5447b79595fb.jpeg?v=1461482952,Philodendron,false,Livraison à domicile d'un Philodendron,"Plantes et pots design originaux et de qualité à des prix accessibles, directement chez vous.",,,,,,,,,,,,,,,kg,
philodendron,,,,,,,,M - 120 cm - Ø pot 24 cm,,,,,"",0,,-2,continue,manual,149.00,,true,true,"",https://cdn.shopify.com/s/files/1/1063/7402/products/philodendron_lotus_noir_bis.jpg?v=1457127553,,,,,,,,,,,,,,,,,,,kg,
philodendron,,,,,,,,L - 160 cm - Ø pot 28 cm,,,,,"",0,,1,continue,manual,269.00,,true,true,"",https://cdn.shopify.com/s/files/1/1063/7402/products/philodendron--ravel_aef0295e-1a36-4b97-a5ff-0b449f5a4d44.jpeg?v=1457127553,,,,,,,,,,,,,,,,,,,kg,
philodendron,,,,,,,,,,,,,,,,,,,,,,,,https://cdn.shopify.com/s/files/1/1063/7402/products/Screenshot_2016-02-26-21-28-47_959a5342-ed53-48f2-99af-3e8a16608ab5.png?v=1461488336,,,,,,,,,,,,,,,,,,,,
aloe-vera,Aloe Vera,"<meta charset=""utf-8"">
<p style=""text-align: center;"">L’Aloe vera est une plante succulente très décorative. Elle est réputé et reconnue comme la plante médicinale par excellence et a une vertu dépolluante.</p>
<p><strong>Nom Latin :</strong><em> Aloe vera</em></p>
<p><strong>Installation à domicile </strong> <i class=""fa fa-question-circle"" aria-hidden=""true"" data-toggle=""popover"" title=""Livraison"" data-content=""Sous quelques jours, vous serez livrés par un paysagiste qui vous l'installera.""> - 9€</i></p>
<p><strong>Dimensions:</strong></p>
<ul>
<li>Taile adulte du cactus : 80 cm</li>
<li>Taile du pot Ravel : 40 cm</li>
</ul>
<p><strong>Exposition : </strong>Mi-ombre</p>
<p><strong>Arrosage : </strong> Attendre que la terre soit sèche en surface entre deux arrosages</p>
<p> </p>",ParisPousse,Plante d'intérieur,"fiberstone-carre-conique-haut-noir, interieur, ravel, riviera-rond-gris",true,Taille,S - 40 cm - Ø pot 15 cm,,,,,"",,,-5,deny,manual,29.00,,true,true,,https://cdn.shopify.com/s/files/1/1063/7402/products/aloe-vera_efa2b8de-63f5-411a-a06e-5762ec7a6778.jpeg?v=1457179189,Aloe Vera,false,"Aloe Vera, livraison gratuite sur ParisPousse","Aloe Vera Plantes et pots design originaux et de qualité à des prix accessibles, directement chez vous.",,,,,,,,,,,,,,,kg,
aloe-vera,,,,,,,,M - 50 cm - Ø pot 25 cm,,,,,"",,,-2,deny,manual,59.00,,true,true,,https://cdn.shopify.com/s/files/1/1063/7402/products/aloe-vera--ravel_5e98e083-7d48-48e1-b9d6-9e6a4bc6488f.jpeg?v=1457179189,,,,,,,,,,,,,,,,,,,kg,
aloe-vera,,,,,,,,,,,,,,,,,,,,,,,,https://cdn.shopify.com/s/files/1/1063/7402/products/aloe-vera--carre-conique-haut-fiberstone_809443e3-6309-4a80-99a4-3548460214ce.jpeg?v=1457179189,,,,,,,,,,,,,,,,,,,,
aloe-vera,,,,,,,,,,,,,,,,,,,,,,,,https://cdn.shopify.com/s/files/1/1063/7402/products/aloe-vera--rond_ec33f132-9aaa-4617-a6e1-27b0057eb3ca.jpeg?v=1457179189,,,,,,,,,,,,,,,,,,,,
